enforcement_id,pops_id,bbl,bin,normalized_address,pops_borough_master,latitude,longitude,building_name,pops_type,pops_year_established,pops_required_hours,owner,owner_role_as_stated,bulletin_month,bulletin_year,enforcement_date,violation_category,violation_description,penalty_amount,enforcement_text,pdf_url,source_pdf,source_page,match_method,match_confidence,match_score,match_status,match_notes,pops_relation,pops_keyword_tier,pops_keyword_hits,manual_review_status,review_note,possible_duplicate_of,duplicate_basis,violation_category_terms,bulletin_id,address_raw,borough,geocoded_bbl,geocoded_bin
EA-201804-170198e0d7,M070027,1011710063,1088686,75 WEST END AVENUE,Manhattan,40.773792,-73.989403,West End Towers,Public Open Spaces,1993,Restricted Hours,Thomas Brodsky,building owner,4,2018,,other,"for filing false statements on six separate PW-1 applications for properties in Manhattan, including 1801 2nd Avenue, 154 West 71st Street, 124 West 60th Street, and 75 West End Avenue, concerning whether or not the building is occupied",28000,"$28,000 in penalties issued to building owner Thomas Brodsky for filing false statements on six separate PW-1 applications for properties in Manhattan, including 1801 2nd Avenue, 154 West 71st Street, 124 West 60th Street, and 75 West End Avenue, concerning whether or not the building is occupied.",https://www.nyc.gov/assets/buildings/pdf/0418_enforcement_action_bulletin.pdf,data/raw/dob_bulletins/2018/04.pdf,1,bbl,high,1.0,matched,bbl via geocode; address also agrees,property_match_only,,,needs_review,,,,,2018-04,1801 2nd Avenue,Manhattan,1015397501;1011420064;1011317502;1011710063,1048918;1029778;1028827;1088686
EA-201807-b98c41f6ab,M060074,1013650009,1040158,420 EAST 54 STREET,Manhattan,40.755676,-73.96353,River Tower,Residential Plaza,1982,24 Hours,Vector Building Corp.,General Contractor,7,2018,,other,"where a worker was injured after falling one story through a hole in the floor at a construction site at 415 East 53rd Street, Manhattan",25000,"$25,000 in penalties issued to General Contractor Vector Building Corp. where a worker was injured after falling one story through a hole in the floor at a construction site at 415 East 53rd Street, Manhattan.",https://www.nyc.gov/assets/buildings/pdf/0718_enforcement_action_bulletin.pdf,data/raw/dob_bulletins/2018/07.pdf,2,bbl,high,0.95,matched,bbl via geocode,property_match_only,,,needs_review,,,,,2018-07,415 East 53rd Street,Manhattan,1013650009,1040158
EA-201807-a79d37d758,M010031,1000090014,1000020,17 STATE STREET,Manhattan,40.702892,-74.013878,,Arcade; Public Exhibit Space; Sidewalk Widening; Urban Plaza,1987,24 Hours,17 State Owner LLC,,7,2018,,seating;trees,"after inspectors observed that required chairs, tables, and trees were missing from a Privately Owned Public Space (POPS) plaza at 17 State Street, Manhattan (aka 9-19 State St.), in violation of a 1986 agreement the property owners made with the City",4000,"$4,000 in penalties issued to 17 State Owner LLC after inspectors observed that required chairs, tables, and trees were missing from a Privately Owned Public Space (POPS) plaza at 17 State Street, Manhattan (aka 9-19 State St.), in violation of a 1986 agreement the property owners made with the City.",https://www.nyc.gov/assets/buildings/pdf/0718_enforcement_action_bulletin.pdf,data/raw/dob_bulletins/2018/07.pdf,3,bbl,high,1.0,matched,bbl via geocode; address also agrees,pops_text_and_property_match,strong,privately owned public space;POPS;public space;plaza,auto_confirmed,,,,"{""seating"": [""chairs"", ""tables""], ""trees"": [""trees""]}",2018-07,17 State Street,Manhattan,1000090014,1000020
EA-201810-4e7cb422af,M010044,1000237501,1000815,1 WALL STREET,Manhattan,40.707121,-74.01183,Bank of New York,Plaza,1964,24 Hours,Universal Builders Supply,contractor,10,2018,,other,"at 1 Wall Street, Manhattan, for a failure to safeguard their construction site, after a worker assisting scaffold installation was injured on the 28th floor, and it was determined that no “tool box talks” had been held prior",10000,"$10,000 in penalties issued to contractor Universal Builders Supply, at 1 Wall Street, Manhattan, for a failure to safeguard their construction site, after a worker assisting scaffold installation was injured on the 28th floor, and it was determined that no “tool box talks” had been held prior.",https://www.nyc.gov/assets/buildings/pdf/1018_enforcement_action_bulletin.pdf,data/raw/dob_bulletins/2018/10.pdf,2,bbl,high,1.0,matched,bbl via geocode; address also agrees,property_match_only,,,needs_review,,,,,2018-10,1 Wall Street,Manhattan,1000237501,1000815
EA-201810-e6aba99655,M040002,1010487501,1026058,347 WEST 57 STREET,Manhattan,40.767961,-73.984574,Colonnade,Plaza,1976,24 Hours,"The Colonade Condominium c/o Maxwell Kates, Inc.",,10,2018,,seating;landscaping;trees;signage;unauthorized design modification;obstruction,"the owners of 347 West 57th Street, Manhattan, for several zoning violations related to their privately owned public space (POPS). They were missing required signage indicating that the plaza was open to the public, a 20 foot long illuminated marquee had been installed without DOB approval or permits, and metal spike strips had been installed around tree planters in the POPS that obstructed required seating in the plaza",12800,"$12,800 in penalties issued to The Colonade Condominium c/o Maxwell Kates, Inc., the owners of 347 West 57th Street, Manhattan, for several zoning violations related to their privately owned public space (POPS). They were missing required signage indicating that the plaza was open to the public, a 20 foot long illuminated marquee had been installed without DOB approval or permits, and metal spike strips had been installed around tree planters in the POPS that obstructed required seating in the plaza.",https://www.nyc.gov/assets/buildings/pdf/1018_enforcement_action_bulletin.pdf,data/raw/dob_bulletins/2018/10.pdf,3,bbl,high,1.0,matched,bbl via geocode; address also agrees,pops_text_and_property_match,strong,privately owned public space;POPS;public space;plaza,auto_confirmed,,,,"{""seating"": [""seating""], ""landscaping"": [""planters""], ""trees"": [""tree""], ""signage"": [""marquee"", ""signage""], ""unauthorized design modification"": [""installed without"", ""marquee""], ""obstruction"": [""obstructed"", ""spike""]}",2018-10,347 West 57th Street,Manhattan,1010487501,1026058
EA-201810-21571ee063,M070024,1011397501,1028857,1991 BROADWAY,Manhattan,40.775276,-73.982637,Bel Canto,Covered Plaza,1985,Restricted Hours,Bel Canto Condominium Association,,10,2018,,seating;trees,"the owners of 1991 Broadway, Manhattan, for failure to have the required amenities for their privately owned public space (POPS). The public space was missing the required number of tables, chairs and trees, as stipulated in the POPS agreement",4000,"$4,000 in penalties issued to Bel Canto Condominium Association, the owners of 1991 Broadway, Manhattan, for failure to have the required amenities for their privately owned public space (POPS). The public space was missing the required number of tables, chairs and trees, as stipulated in the POPS agreement.",https://www.nyc.gov/assets/buildings/pdf/1018_enforcement_action_bulletin.pdf,data/raw/dob_bulletins/2018/10.pdf,3,bbl,high,1.0,matched,bbl via geocode; address also agrees,pops_text_and_property_match,strong,privately owned public space;POPS;public space,auto_confirmed,,,,"{""seating"": [""chairs"", ""tables""], ""trees"": [""trees""]}",2018-10,1991 Broadway,Manhattan,1011397501,1028857
EA-201810-a8c8497c54,M060038,1013147501,1037178,235 EAST 40 STREET,Manhattan,40.74921,-73.973675,Vanderbilt,Residential Plaza,1986,24 Hours,Vanderbilt Condo,,10,2018,,seating;landscaping;trees;bicycle parking;obstruction,"c/o Rose Associates, the owners of 235 East 40th Street, Manhattan, for failure to have the required amenities for their privately owned public space (POPS). The public space was missing the required number of bicycle parking spaces, and metal spike strips had been installed around tree planters in the POPS, obstructing the required seating",4000,"$4,000 in penalties issued to Vanderbilt Condo. c/o Rose Associates, the owners of 235 East 40th Street, Manhattan, for failure to have the required amenities for their privately owned public space (POPS). The public space was missing the required number of bicycle parking spaces, and metal spike strips had been installed around tree planters in the POPS, obstructing the required seating.",https://www.nyc.gov/assets/buildings/pdf/1018_enforcement_action_bulletin.pdf,data/raw/dob_bulletins/2018/10.pdf,3,bbl,high,1.0,matched,bbl via geocode; address also agrees,pops_text_and_property_match,strong,privately owned public space;POPS;public space,auto_confirmed,,,,"{""seating"": [""seating""], ""landscaping"": [""planters""], ""trees"": [""tree""], ""bicycle parking"": [""bicycle""], ""obstruction"": [""obstructing"", ""spike""]}",2018-10,235 East 40th Street,Manhattan,1013147501,1037178
EA-201901-d5abdc5f8d,K020003,3001470004,3319418,1 METROTECH CENTER,Brooklyn,40.693222,-73.986719,,Commons and Public Areas,1990,24 Hours,Forest City Jay Street Assoc.,,1,2019,,signage,"owner of 1 Metrotech Center, Brooklyn, for a privately owned public space (POPS) with missing amenities and signage that failed to state the POPS is “open to the public.”",5000,"$5,000 in penalties issued to Forest City Jay Street Assoc., owner of 1 Metrotech Center, Brooklyn, for a privately owned public space (POPS) with missing amenities and signage that failed to state the POPS is “open to the public.”",https://www.nyc.gov/assets/buildings/pdf/0119_enforcement_action_bulletin.pdf,data/raw/dob_bulletins/2019/01.pdf,3,bbl,high,1.0,matched,bbl via geocode; address also agrees,pops_text_and_property_match,strong,privately owned public space;POPS;public space,auto_confirmed,,,,"{""signage"": [""signage""]}",2019-01,1 Metrotech Center,Brooklyn,3001470004,3319418
EA-201902-4c3b5f1775,M060057,1013280021,1038575,245 EAST 54 STREET,Manhattan,40.757849,-73.966795,Brevard,Plaza; Residential Plaza,1974,24 Hours; Restricted Hours,Bevard Owners Corp.,,2,2019,,trees;fountain / water feature;maintenance,"the owner of 245 East 54th Street, Manhattan, for a zoning violation due to a Privately Owned Public Space (POPS) that was found to be improperly maintained per the discretionary zoning agreement. The POPS was found to have a broken water feature and two dead trees",5000,"$5,000 in penalties issued to Bevard Owners Corp., the owner of 245 East 54th Street, Manhattan, for a zoning violation due to a Privately Owned Public Space (POPS) that was found to be improperly maintained per the discretionary zoning agreement. The POPS was found to have a broken water feature and two dead trees.",https://www.nyc.gov/assets/buildings/pdf/0219_enforcement_action_bulletin.pdf,data/raw/dob_bulletins/2019/02.pdf,2,bbl,high,1.0,matched,bbl via geocode; address also agrees,pops_text_and_property_match,strong,privately owned public space;POPS;public space;discretionary zoning,auto_confirmed,,,,"{""trees"": [""trees""], ""fountain / water feature"": [""water feature""], ""maintenance"": [""broken"", ""maintained""]}",2019-02,245 East 54th Street,Manhattan,1013280021,1038575
EA-201902-a0ffcc9121,M080049,1015330001,1048809,201 EAST 87 STREET,Manhattan,40.779615,-73.95284,Claridge House,Park; Plaza,1975,24 Hours,Clairidge House LLC,,2,2019,,seating;signage;obstruction,"the owner of 201 East 87th Street, Manhattan, for a zoning violation due to the conditions of the building’s POPS. The owners were found to have installed spikes on the seating areas of the POPS to prevent its use, and posted a plaque stating “private property permission to cross revocable at will.”",4000,"$4,000 in penalties issued to Clairidge House LLC, the owner of 201 East 87th Street, Manhattan, for a zoning violation due to the conditions of the building’s POPS. The owners were found to have installed spikes on the seating areas of the POPS to prevent its use, and posted a plaque stating “private property permission to cross revocable at will.”",https://www.nyc.gov/assets/buildings/pdf/0219_enforcement_action_bulletin.pdf,data/raw/dob_bulletins/2019/02.pdf,2,bbl,high,1.0,matched,bbl via geocode; address also agrees,pops_text_and_property_match,strong,POPS,auto_confirmed,,,,"{""seating"": [""seating""], ""signage"": [""plaque""], ""obstruction"": [""spike""]}",2019-02,201 East 87th Street,Manhattan,1015330001,1048809
EA-201903-804a3d5cf7,M060021,1009437501,1076166,330 EAST 38 STREET,Manhattan,40.746328,-73.97272,Corinthian,Residential Plaza,1987,24 Hours,The Corinthian Condominium,,3,2019,,landscaping;maintenance,"the owner of 330 East 38th Street, Manhattan, for a zoning violation due to a Privately Owned Public Space (POPS) that was found to be improperly maintained per the discretionary zoning agreement. The public plaza at the location had been found have deficient landscaping, broken bricks, and open electrical wiring",4000,"$4,000 in penalties issued to The Corinthian Condominium, the owner of 330 East 38th Street, Manhattan, for a zoning violation due to a Privately Owned Public Space (POPS) that was found to be improperly maintained per the discretionary zoning agreement. The public plaza at the location had been found have deficient landscaping, broken bricks, and open electrical wiring.",https://www.nyc.gov/assets/buildings/pdf/0319_enforcement_action_bulletin.pdf,data/raw/dob_bulletins/2019/03.pdf,3,bbl,high,1.0,matched,bbl via geocode; address also agrees,pops_text_and_property_match,strong,privately owned public space;POPS;public plaza;public space;discretionary zoning;plaza,auto_confirmed,,,,"{""landscaping"": [""landscaping""], ""maintenance"": [""broken"", ""electrical wiring"", ""maintained""]}",2019-03,330 East 38th Street,Manhattan,1009437501,1076166
EA-201903-8982fd5afd,M080066,1015647502,1073786,401 EAST 84 STREET,Manhattan,40.775565,-73.949915,Dunhill,Open Plaza,1987,24 Hours,The Dunhill Condominium,,3,2019,,trees;maintenance,"the owner of 401 East 84th Street, Manhattan, for a zoning violation due to a Privately Owned Public Space (POPS) that was found to be improperly maintained per the discretionary zoning agreement. The public plaza at the location was missing required trees and lampposts",4000,"$4,000 in penalties issued to The Dunhill Condominium, the owner of 401 East 84th Street, Manhattan, for a zoning violation due to a Privately Owned Public Space (POPS) that was found to be improperly maintained per the discretionary zoning agreement. The public plaza at the location was missing required trees and lampposts.",https://www.nyc.gov/assets/buildings/pdf/0319_enforcement_action_bulletin.pdf,data/raw/dob_bulletins/2019/03.pdf,3,bbl,high,1.0,matched,bbl via geocode; address also agrees,pops_text_and_property_match,strong,privately owned public space;POPS;public plaza;public space;discretionary zoning;plaza,auto_confirmed,,,,"{""trees"": [""trees""], ""maintenance"": [""lampposts"", ""maintained""]}",2019-03,401 East 84th Street,Manhattan,1015647502,1073786
EA-201903-b50d87e950,M080041,1015140008,1047928,111 EAST 85 STREET,Manhattan,40.779485,-73.956624,,Arcade; Plaza,1971,24 Hours,Kreisel Co. Inc.,,3,2019,,seating;landscaping;signage;maintenance;obstruction,"the owner of 111 East 85th Street, Manhattan for a zoning violation due to a Privately Owned Public Space (POPS) that was found to be improperly maintained per the discretionary zoning agreement. The public plaza at the location was missing required plantings or signage. In addition, metal spikes had been improperly installed on areas meant for seating",4000,"$4,000 in penalties issued to Kreisel Co. Inc., the owner of 111 East 85th Street, Manhattan for a zoning violation due to a Privately Owned Public Space (POPS) that was found to be improperly maintained per the discretionary zoning agreement. The public plaza at the location was missing required plantings or signage. In addition, metal spikes had been improperly installed on areas meant for seating.",https://www.nyc.gov/assets/buildings/pdf/0319_enforcement_action_bulletin.pdf,data/raw/dob_bulletins/2019/03.pdf,3,bbl,high,1.0,matched,bbl via geocode; address also agrees,pops_text_and_property_match,strong,privately owned public space;POPS;public plaza;public space;discretionary zoning;plaza,auto_confirmed,,,,"{""seating"": [""seating""], ""landscaping"": [""plantings""], ""signage"": [""signage""], ""maintenance"": [""maintained""], ""obstruction"": [""spike""]}",2019-03,111 East 85th Street,Manhattan,1015140008,1047928
EA-201903-1c30c5b079,M040014,1007027502,1091045,545 WEST 30 STREET,Manhattan,40.753267,-74.002841,Hudson Yards Eastern Rail Yards Subarea A1,'Covered Pedestrian Space'; Public Access Area,,,Sciame Construction LLC,Safety Registrant,3,2019,,other,"for failure to safeguard the construction site at 545 West 30th Street, Manhattan, after an unsecured cable wire rack fell from the site and injured a worker",25000,"$25,000 in penalties issued to Safety Registrant Sciame Construction LLC for failure to safeguard the construction site at 545 West 30th Street, Manhattan, after an unsecured cable wire rack fell from the site and injured a worker.",https://www.nyc.gov/assets/buildings/pdf/0319_enforcement_action_bulletin.pdf,data/raw/dob_bulletins/2019/03.pdf,3,bbl,high,1.0,matched,bbl via geocode; address also agrees,property_match_only,,,needs_review,,,,,2019-03,545 West 30th Street,Manhattan,1007027502,1091045
EA-201904-bf6079b963,M080044,1015230034,1087328,182 EAST 95 STREET,Manhattan,40.784371,-73.950341,Highgate,Residential Plaza,1980,24 Hours,P&S 95 Street Association,,4,2019,,seating;landscaping;fountain / water feature;maintenance;obstruction,"the owner of 182 East 95th Street, Manhattan, for a zoning violation due to a Privately Owned Public Space (POPS) that was found to be improperly maintained per the discretionary zoning agreement. The violating conditions included the installation of 670 feet of spikes on planters, which prevented seating, lack of required artwork, and a fountain that was not working",4000,"$4,000 in penalties issued to P&S 95 Street Association, the owner of 182 East 95th Street, Manhattan, for a zoning violation due to a Privately Owned Public Space (POPS) that was found to be improperly maintained per the discretionary zoning agreement. The violating conditions included the installation of 670 feet of spikes on planters, which prevented seating, lack of required artwork, and a fountain that was not working.",https://www.nyc.gov/assets/buildings/pdf/0419_enforcement_action_bulletin.pdf,data/raw/dob_bulletins/2019/04.pdf,2,bbl,high,1.0,matched,bbl via geocode; address also agrees,pops_text_and_property_match,strong,privately owned public space;POPS;public space;discretionary zoning,auto_confirmed,,,,"{""seating"": [""seating""], ""landscaping"": [""planters""], ""fountain / water feature"": [""fountain""], ""maintenance"": [""maintained"", ""not working""], ""obstruction"": [""spike""]}",2019-04,182 East 95th Street,Manhattan,1015230034,1087328
EA-201904-9a49b5395d,M060025,1009687501,1022060,630 1 AVENUE,Manhattan,40.745155,-73.971836,Manhattan Place,Residential Plaza,1984,24 Hours,Manhattan Place Condominium,,4,2019,,trees;fountain / water feature;bicycle parking;maintenance,"the owner of 630 1st Avenue, Manhattan, for a zoning violation due to a POPS that was found to be improperly maintained per the discretionary zoning agreement. The violating conditions included broken bike racks, and lack of required trees and fountains",5000,"$5,000 in penalties issued to Manhattan Place Condominium, the owner of 630 1st Avenue, Manhattan, for a zoning violation due to a POPS that was found to be improperly maintained per the discretionary zoning agreement. The violating conditions included broken bike racks, and lack of required trees and fountains.",https://www.nyc.gov/assets/buildings/pdf/0419_enforcement_action_bulletin.pdf,data/raw/dob_bulletins/2019/04.pdf,3,bbl,high,1.0,matched,bbl via geocode; address also agrees,pops_text_and_property_match,strong,POPS;discretionary zoning,auto_confirmed,,,,"{""trees"": [""trees""], ""fountain / water feature"": [""fountains""], ""bicycle parking"": [""bike rack""], ""maintenance"": [""broken"", ""maintained""]}",2019-04,630 1st Avenue,Manhattan,1009687501,1022060
EA-201905-92e673909c,M050065,1008897501,1087537,3 PARK AVENUE,Manhattan,40.746511,-73.981075,Three Park Avenue,Arcade; Plaza,1974,24 Hours,CO Three Park Avenue Building,,5,2019,,other,"the owner of 3 Park Avenue, Manhattan, for failure to provide required safety measures and overhead protection after filing a Local Law 11 Façade Inspection Safety Program (FISP) report that indicated that the building’s façade was unsafe",10000,"$10,000 in penalties issued to CO Three Park Avenue Building, the owner of 3 Park Avenue, Manhattan, for failure to provide required safety measures and overhead protection after filing a Local Law 11 Façade Inspection Safety Program (FISP) report that indicated that the building’s façade was unsafe.",https://www.nyc.gov/assets/buildings/pdf/0519_enforcement_action_bulletin.pdf,data/raw/dob_bulletins/2019/05.pdf,3,bbl,high,1.0,matched,bbl via geocode; address also agrees,property_match_only,,,needs_review,,,,,2019-05,3 Park Avenue,Manhattan,1008897501,1087537
EA-201905-ed30460e84,M080055,1015460001,1049916,303 EAST 83 STREET,Manhattan,40.776028,-73.952651,Camargue,Plaza,1977,24 Hours,Christopher Plati,,5,2019,,other,"the owner of 303 East 83rd Street, Manhattan, for making false statements regarding occupied housing in a rent-controlled or rent-stabilized building on three separate applications",7500,"$7,500 in total penalties issued to Christopher Plati, the owner of 303 East 83rd Street, Manhattan, for making false statements regarding occupied housing in a rent-controlled or rent-stabilized building on three separate applications.",https://www.nyc.gov/assets/buildings/pdf/0519_enforcement_action_bulletin.pdf,data/raw/dob_bulletins/2019/05.pdf,3,bbl,high,1.0,matched,bbl via geocode; address also agrees,property_match_only,,,needs_review,,,,,2019-05,303 East 83rd Street,Manhattan,1015460001,1049916
EA-201907-0327eea318,M080010,1014180045,1043866,200 EAST 64 STREET,Manhattan,40.764339,-73.964081,Carlton Towers,Plaza,1969,Restricted Hours,64th Street 3rd Ave Associates,,7,2019,,unauthorized design modification,"the owner of 200 East 64th Street, Manhattan, for making changes to a public plaza without getting the required approval from the NYC Department of City Planning",11250,"$11,250 in total penalties issued to 64th Street 3rd Ave Associates, the owner of 200 East 64th Street, Manhattan, for making changes to a public plaza without getting the required approval from the NYC Department of City Planning.",https://www.nyc.gov/assets/buildings/pdf/0719_enforcement_action_bulletin.pdf,data/raw/dob_bulletins/2019/07.pdf,2,bbl,high,1.0,matched,bbl via geocode; address also agrees,pops_text_and_property_match,moderate,public plaza;plaza,auto_confirmed,,,,"{""unauthorized design modification"": [""changes to a public plaza""]}",2019-07,200 East 64th Street,Manhattan,1014180045,1043866
EA-201912-a9e72ace8a,M050051,1008580008,1087326,10 EAST 29 STREET,Manhattan,40.744642,-73.986214,Madison Belvedere,Residential Plaza,1998,Restricted Hours,Gateway Belvedere LLC,,12,2019,,fountain / water feature;maintenance,"the owner of 10 East 29th Street, Manhattan, for failure to maintain a water fountain on the property’s Privately Owned Public Space, as required",5000,"$5,000 in penalties issued to Gateway Belvedere LLC, the owner of 10 East 29th Street, Manhattan, for failure to maintain a water fountain on the property’s Privately Owned Public Space, as required.",https://www.nyc.gov/assets/buildings/pdf/1219_enforcement_action_bulletin.pdf,data/raw/dob_bulletins/2019/12.pdf,2,bbl,high,1.0,matched,bbl via geocode; address also agrees,pops_text_and_property_match,strong,privately owned public space;public space,auto_confirmed,,,,"{""fountain / water feature"": [""fountain""], ""maintenance"": [""maintain""]}",2019-12,10 East 29th Street,Manhattan,1008580008,1087326
EA-202001-feabef4b89,M060014,1009070025,1019855,240 EAST 27 STREET,Manhattan,40.740247,-73.97964,Parc East Tower Apartments,Mini-Park; Public Open Area,1977,24 Hours; Restricted Hours,LLC EQR-East 27 Street Apartment LLC,,1,2020,,access / closure,"the owner of 240 East 27th Street, Manhattan, for improperly preventing public access to a Privately Owned Public Space (POPS), by padlocking the gates to the plaza",10000,"$10,000 in penalties issued to LLC EQR-East 27 Street Apartment LLC, the owner of 240 East 27th Street, Manhattan, for improperly preventing public access to a Privately Owned Public Space (POPS), by padlocking the gates to the plaza.",https://www.nyc.gov/assets/buildings/pdf/0120_enforcement_action_bulletin.pdf,data/raw/dob_bulletins/2020/01.pdf,3,bbl,high,1.0,matched,bbl via geocode; address also agrees,pops_text_and_property_match,strong,privately owned public space;POPS;public space;plaza,auto_confirmed,,,,"{""access / closure"": [""padlock"", ""preventing public access""]}",2020-01,240 East 27th Street,Manhattan,1009070025,1019855
EA-202002-57247f2dd9,M070029,1011710157,1089374,639 WEST 59 STREET,Manhattan,40.772677,-73.991804,Riverside Center,Public Access Area,,,Tishman Construction Corp.,Safety Registrant,2,2020,,other,"for not having a Site Safety Manager or Site Safety Coordinator on site at 639 West 59th Street, Manhattan, at the time of a DOB inspection. The work site log book at the location was also missing entries for the site safety professionals",10000,"$10,000 in penalties issued to Safety Registrant Tishman Construction Corp. for not having a Site Safety Manager or Site Safety Coordinator on site at 639 West 59th Street, Manhattan, at the time of a DOB inspection. The work site log book at the location was also missing entries for the site safety professionals.",https://www.nyc.gov/assets/buildings/pdf/0220_enforcement_action_bulletin.pdf,data/raw/dob_bulletins/2020/02.pdf,3,bin,high,0.9,matched,bin via geocode,property_match_only,,,needs_review,,,,,2020-02,639 West 59th Street,Manhattan,1011717515,1089374
EA-202002-6a3ff84a1b,M050112,1012927502,1088817,432 PARK AVENUE,Manhattan,40.7615,-73.971797,432 Park Avenue,Public Plaza,2017,24 Hours,MIP 57th Development Acquisition LLC,,2,2020,,signage,"the owner of 432 Park Avenue, Manhattan, for displaying an outdoor sign without a permit, failing to have a licensed sign hanger erect or attach the sign, and failing to attach the required UL decal to the sign. The sign, which faced both Park Avenue and East 56th Street, has since been removed",5625,"$5,625 in penalties were issued to MIP 57th Development Acquisition LLC, the owner of 432 Park Avenue, Manhattan, for displaying an outdoor sign without a permit, failing to have a licensed sign hanger erect or attach the sign, and failing to attach the required UL decal to the sign. The sign, which faced both Park Avenue and East 56th Street, has since been removed.",https://www.nyc.gov/assets/buildings/pdf/0220_enforcement_action_bulletin.pdf,data/raw/dob_bulletins/2020/02.pdf,3,bbl,high,1.0,matched,bbl via geocode; address also agrees,property_match_only,,,needs_review,,,,"{""signage"": [""sign""]}",2020-02,432 Park Avenue,Manhattan,1012927502,1088817
EA-202004-5c5d6171b9,M010037,1002160001,1082816,388 GREENWICH STREET,Manhattan,40.720865,-74.011003,Salomon Smith Barney,Plaza; Public Plaza,1986,24 Hours,Tishman Construction Corp.,Safety Registrant,4,2020,,other,"for failure to file two separate required incident reports within three days of two separate worker injury incidents at a construction site at 388 Greenwich Street, Manhattan. One worker was injured at the site after they tripped on an extension cord and was taken to the hospital. Another worker was injured during a delivery and taken to the hospital after they became caught between a piece of sheetrock being moved and a wall",10000,"$10,000 in total penalties issued to Safety Registrant Tishman Construction Corp. for failure to file two separate required incident reports within three days of two separate worker injury incidents at a construction site at 388 Greenwich Street, Manhattan. One worker was injured at the site after they tripped on an extension cord and was taken to the hospital. Another worker was injured during a delivery and taken to the hospital after they became caught between a piece of sheetrock being moved and a wall.",https://www.nyc.gov/assets/buildings/pdf/0420_enforcement_action_bulletin.pdf,data/raw/dob_bulletins/2020/04.pdf,2,bbl,high,1.0,matched,bbl via geocode; address also agrees,property_match_only,,,needs_review,,,,,2020-04,388 Greenwich Street,Manhattan,1002160001,1082816
EA-202005-18d307716c,M050093,1008840001,1018204,407 PARK AVENUE SOUTH,Manhattan,40.743374,-73.983627,Ascot,Residential Plaza,1984,Restricted Hours,"Ascot Owners, Inc.",,5,2020,,fountain / water feature;maintenance,"the owners of 407 Park Avenue, Manhattan, for a zoning violation due to a Privately Owned Public Space (POPS) that was found to be improperly maintained per the discretionary zoning agreement. DOB inspectors found a water fountain at the POPS was not functioning as required",5000,"$5,000 in penalties issued to Ascot Owners, Inc., the owners of 407 Park Avenue, Manhattan, for a zoning violation due to a Privately Owned Public Space (POPS) that was found to be improperly maintained per the discretionary zoning agreement. DOB inspectors found a water fountain at the POPS was not functioning as required.",https://www.nyc.gov/assets/buildings/pdf/0520_enforcement_action_bulletin.pdf,data/raw/dob_bulletins/2020/05.pdf,3,address_fuzzy,medium,0.704,matched,street suffix variant ('Park Avenue' ~ 'PARK AVENUE SOUTH'); building name 'Ascot' appears in the bulletin text,pops_text_and_property_match,strong,privately owned public space;POPS;public space;discretionary zoning,needs_review,,,,"{""fountain / water feature"": [""fountain""], ""maintenance"": [""maintained"", ""not functioning""]}",2020-05,407 Park Avenue,Manhattan,1013090069,1000000
EA-202005-aea37ed8e8,M080064,1015600001,1050360,401 EAST 80 STREET,Manhattan,40.773206,-73.951638,,Residential Plaza,1980,Restricted Hours,Resnick Gracie News LLC,,5,2020,,maintenance;unauthorized private use;unauthorized design modification,"the owners of 401 East 80th Street, Manhattan, for a zoning violation due to a Privately Owned Public Space (POPS) that was found to be improperly maintained per the discretionary zoning agreement. DOB inspectors found that design changes had been made to the POPS open air café without prior approval from the NYC Department of City Planning (DCP)",5000,"$5,000 in penalties issued to Resnick Gracie News LLC, the owners of 401 East 80th Street, Manhattan, for a zoning violation due to a Privately Owned Public Space (POPS) that was found to be improperly maintained per the discretionary zoning agreement. DOB inspectors found that design changes had been made to the POPS open air café without prior approval from the NYC Department of City Planning (DCP).",https://www.nyc.gov/assets/buildings/pdf/0520_enforcement_action_bulletin.pdf,data/raw/dob_bulletins/2020/05.pdf,3,bbl,high,1.0,matched,bbl via geocode; address also agrees,pops_text_and_property_match,strong,privately owned public space;POPS;public space;discretionary zoning;open air cafe,auto_confirmed,,,,"{""maintenance"": [""maintained""], ""unauthorized private use"": [""café""], ""unauthorized design modification"": [""design changes"", ""without prior approval""]}",2020-05,401 East 80th Street,Manhattan,1015600001,1050360
EA-202007-2b1a663ec5,M050079,1013120015,1036904,135 EAST 57 STREET,Manhattan,40.761387,-73.969367,,Open Park Space; Plaza,1987,24 Hours; Restricted Hours,Wallace Stratford Ctr.,,7,2020,,maintenance,"the owners of 135 East 57th Street, Manhattan, for a zoning violation due to a Privately-Owned Public Space (POPS) that was found to be improperly maintained per the discretionary zoning agreement. DOB inspectors found that the space was closed off with scaffolding, fencing, and netting, even though they didn’t have any active issued work permits for façade work at the time of inspection",10000,"$10,000 in penalties issued to Wallace Stratford Ctr., the owners of 135 East 57th Street, Manhattan, for a zoning violation due to a Privately-Owned Public Space (POPS) that was found to be improperly maintained per the discretionary zoning agreement. DOB inspectors found that the space was closed off with scaffolding, fencing, and netting, even though they didn’t have any active issued work permits for façade work at the time of inspection.",https://www.nyc.gov/assets/buildings/pdf/0720_enforcement_action_bulletin.pdf,data/raw/dob_bulletins/2020/07.pdf,4,bbl,high,1.0,matched,bbl via geocode; address also agrees,pops_text_and_property_match,strong,privately owned public space;POPS;public space;discretionary zoning,auto_confirmed,,,,"{""maintenance"": [""maintained""]}",2020-07,135 East 57th Street,Manhattan,1013120015,1036904
EA-202008-64b4b76872,M080055,1015460001,1049916,303 EAST 83 STREET,Manhattan,40.776028,-73.952651,Camargue,Plaza,1977,24 Hours,Tishman Speyer Archstone-Smith,,8,2020,,maintenance,"for a zoning violation due to a Privately-Owned Public Space (POPS) at 303 East 83rd Street, Manhattan, that was found to be improperly maintained per the discretionary zoning agreement. DOB inspectors found deteriorated walls at the POPS and a vent that had been installed at the location contrary to the approved plans",5000,"$5,000 in penalties issued to Tishman Speyer Archstone-Smith, for a zoning violation due to a Privately-Owned Public Space (POPS) at 303 East 83rd Street, Manhattan, that was found to be improperly maintained per the discretionary zoning agreement. DOB inspectors found deteriorated walls at the POPS and a vent that had been installed at the location contrary to the approved plans.",https://www.nyc.gov/assets/buildings/pdf/0820_enforcement_action_bulletin.pdf,data/raw/dob_bulletins/2020/08.pdf,4,bbl,high,1.0,matched,bbl via geocode; address also agrees,pops_text_and_property_match,strong,privately owned public space;POPS;public space;discretionary zoning,auto_confirmed,,,,"{""maintenance"": [""deteriorated"", ""maintained""]}",2020-08,303 East 83rd Street,Manhattan,1015460001,1049916
EA-202009-375640534f,M010020,1000200016,1000807,55 BROADWAY,Manhattan,40.706855,-74.013024,1 Exchange Plaza,Other Public Access Areas; Urban Plaza,1983,24 Hours,55 Broadway Associates LLC,,9,2020,,signage;maintenance;hours,"for a zoning violation due to a Privately-Owned Public Space (POPS) at 55 Broadway, Manhattan, that was found to be improperly maintained per the discretionary zoning agreement. DOB inspectors found that the information plaque for the POPS, indicating the hours it is open to the public, was missing from the location",5000,"$5,000 in penalties issued to 55 Broadway Associates LLC, for a zoning violation due to a Privately-Owned Public Space (POPS) at 55 Broadway, Manhattan, that was found to be improperly maintained per the discretionary zoning agreement. DOB inspectors found that the information plaque for the POPS, indicating the hours it is open to the public, was missing from the location.",https://www.nyc.gov/assets/buildings/pdf/0920_enforcement_action_bulletin.pdf,data/raw/dob_bulletins/2020/09.pdf,4,bbl,high,1.0,matched,bbl via geocode; address also agrees,pops_text_and_property_match,strong,privately owned public space;POPS;public space;discretionary zoning,auto_confirmed,,,,"{""signage"": [""plaque""], ""maintenance"": [""maintained""], ""hours"": [""hours""]}",2020-09,55 Broadway,Manhattan,1000200016,1000807
EA-202010-84dace1959,M070029,1011710157,1089374,639 WEST 59 STREET,Manhattan,40.772677,-73.991804,Riverside Center,Public Access Area,,,Tishman Construction Corp.,Safety Registrant,10,2020,,other,"for failure to install a sidewalk shed at 639 West 59th Street, Manhattan, which was required by the Code",10000,"$10,000 in penalties issued to Safety Registrant Tishman Construction Corp. for failure to install a sidewalk shed at 639 West 59th Street, Manhattan, which was required by the Code.",https://www.nyc.gov/assets/buildings/pdf/1020_enforcement_action_bulletin.pdf,data/raw/dob_bulletins/2020/10.pdf,4,bin,high,0.9,matched,bin via geocode,property_match_only,,,needs_review,,EA-202002-57247f2dd9,same_address_penalty_respondent,,2020-10,639 West 59th Street,Manhattan,1011717515,1089374
EA-202105-dd6c35ec41,M050110,1008057502,1015146,835 6 AVENUE,Manhattan,40.747129,-73.990281,Hotel Eventi,Public Plaza; Urban Plaza,2010,24 Hours,835 Avenue of the Americas Condominium,,5,2021,,maintenance,"the owners of 105 West 29th Street, Manhattan, for a zoning violation due to a Privately Owned Public Space (POPS) that was found to be improperly maintained per the discretionary zoning agreement. The public plaza at the location was improperly closed-in with a 12-foot high fence",10000,"$10,000 in penalties issued to 835 Avenue of the Americas Condominium, the owners of 105 West 29th Street, Manhattan, for a zoning violation due to a Privately Owned Public Space (POPS) that was found to be improperly maintained per the discretionary zoning agreement. The public plaza at the location was improperly closed-in with a 12-foot high fence.",https://www.nyc.gov/assets/buildings/pdf/0521_enforcement_action_bulletin.pdf,data/raw/dob_bulletins/2021/05.pdf,4,bbl,high,1.0,matched,bbl via geocode; address also agrees,pops_text_and_property_match,strong,privately owned public space;POPS;public plaza;public space;discretionary zoning;plaza,auto_confirmed,,,,"{""maintenance"": [""maintained""]}",2021-05,105 West 29th Street,Manhattan,1008057502,1015146
EA-202106-d7f68750cc,M060006,1008890039,1018502,166 EAST 34 STREET,Manhattan,40.745467,-73.978675,,Plaza,1974,24 Hours,DS and D Land Company LLC,,6,2021,,signage,"for displaying three accessory signs advertising parking at 500 3rd Avenue, Manhattan, without DOB permits",3750,"$3,750 in penalties imposed on DS and D Land Company LLC, for displaying three accessory signs advertising parking at 500 3rd Avenue, Manhattan, without DOB permits.",https://www.nyc.gov/assets/buildings/pdf/0621_enforcement_action_bulletin.pdf,data/raw/dob_bulletins/2021/06.pdf,5,bbl,high,0.95,matched,bbl via geocode,property_match_only,,,needs_review,,,,"{""signage"": [""signs""]}",2021-06,500 3rd Avenue,Manhattan,1008890039,1018502
EA-202107-66b691eb4b,M060015,1009130001,1020078,200 EAST 33 STREET,Manhattan,40.744616,-73.97848,Laurence Tower,Plaza,1972,24 Hours,AR Contracting Group Inc.,Tracking Number Holder,7,2021,,other,"for failure to safeguard a construction site at 200 East 33rd Street, Manhattan, after an unsecured scaffold rope swung into the building, and broke the window of an apartment dwelling unit",10000,"$10,000 in penalties issued to Tracking Number Holder AR Contracting Group Inc. for failure to safeguard a construction site at 200 East 33rd Street, Manhattan, after an unsecured scaffold rope swung into the building, and broke the window of an apartment dwelling unit.",https://www.nyc.gov/assets/buildings/pdf/0721_enforcement_action_bulletin.pdf,data/raw/dob_bulletins/2021/07.pdf,5,bbl,high,1.0,matched,bbl via geocode; address also agrees,property_match_only,,,needs_review,,,,,2021-07,200 East 33rd Street,Manhattan,1009130001,1020078
EA-202108-9d15d92e10,M080012,1014197502,1076307,200 EAST 65 STREET,Manhattan,40.764775,-73.963557,Bristol,Residential Plaza,1987,Restricted Hours,200-210 E 65th Condo,,8,2021,,landscaping;signage;obstruction,"for violating the discretionary zoning requirements of the Privately Owned Public Space at 200 East 65th Street, Manhattan, after DOB inspectors found that the required POPS information plaque was obstructed by plantings",5000,"$5,000 in penalties issued to 200-210 E 65th Condo for violating the discretionary zoning requirements of the Privately Owned Public Space at 200 East 65th Street, Manhattan, after DOB inspectors found that the required POPS information plaque was obstructed by plantings.",https://www.nyc.gov/assets/buildings/pdf/0821_enforcement_action_bulletin.pdf,data/raw/dob_bulletins/2021/08.pdf,6,bbl,high,1.0,matched,bbl via geocode; address also agrees,pops_text_and_property_match,strong,privately owned public space;POPS;public space;discretionary zoning,auto_confirmed,,,,"{""landscaping"": [""plantings""], ""signage"": [""plaque""], ""obstruction"": [""obstructed""]}",2021-08,200 East 65th Street,Manhattan,1014197502,1076307
EA-202108-091ffb80b7,M060081,1013700038,1072003,418 EAST 59 STREET,Manhattan,40.759066,-73.961258,Grand Sutton,Residential Plaza,1988,24 Hours,418 East 59th Owners Corp,,8,2021,,seating;signage;fountain / water feature;maintenance,"owner of 418 East 59th Street, for violating the discretionary zoning requirements of their Privately Owned Public Space. DOB inspectors found that 50% of seating was damaged, the water fountain was not operational, and the space lacked proper signage",5000,"$5,000 in penalties issued to 418 East 59th Owners Corp, owner of 418 East 59th Street, for violating the discretionary zoning requirements of their Privately Owned Public Space. DOB inspectors found that 50% of seating was damaged, the water fountain was not operational, and the space lacked proper signage.",https://www.nyc.gov/assets/buildings/pdf/0821_enforcement_action_bulletin.pdf,data/raw/dob_bulletins/2021/08.pdf,6,bbl,high,1.0,matched,bbl via geocode; address also agrees,pops_text_and_property_match,strong,privately owned public space;public space;discretionary zoning,auto_confirmed,,,,"{""seating"": [""seating""], ""signage"": [""signage""], ""fountain / water feature"": [""fountain""], ""maintenance"": [""damaged"", ""not operational""]}",2021-08,418 East 59th Street,Manhattan,1013700038,1072003
EA-202109-629ef6950b,M010018,1000247501,1078985,40 BROAD STREET,Manhattan,40.706021,-74.011787,,Arcade; Urban Plaza,1983,24 Hours,The Setai Condominium Residency,,9,2021,,seating;landscaping;trees,"the owners of 40 Broad Street, Manhattan, for violating the discretionary zoning agreement for Privately Owned Public Spaces (POPS) at the property. A DOB inspection of the property determined that the POPS was missing required plantings, trees and benches",10000,"$10,000 in penalties issued to The Setai Condominium Residency, the owners of 40 Broad Street, Manhattan, for violating the discretionary zoning agreement for Privately Owned Public Spaces (POPS) at the property. A DOB inspection of the property determined that the POPS was missing required plantings, trees and benches.",https://www.nyc.gov/assets/buildings/pdf/0921_enforcement_action_bulletin.pdf,data/raw/dob_bulletins/2021/09.pdf,5,bbl,high,1.0,matched,bbl via geocode; address also agrees,pops_text_and_property_match,strong,privately owned public space;POPS;public space;discretionary zoning,auto_confirmed,,,,"{""seating"": [""benches""], ""landscaping"": [""plantings""], ""trees"": [""trees""]}",2021-09,40 Broad Street,Manhattan,1000247501,1078985
EA-202111-2c6a9ec353,M050061,1012950001,1036144,101 PARK AVENUE,Manhattan,40.750874,-73.977756,,Arcade; Sidewalk Widening; Urban Plaza,1983,24 Hours,"101 Park Avenue Associates II, LLC",,11,2021,,signage,"for displaying two illuminated “Kalikow” signs at 101 Park Avenue, Manhattan, without the required permits and above the relevant height limits. The signs were located inside of the building, eight inches from the windows at the top floor. The premises are being monitored for compliance",7500,"$7,500 in penalties issued to 101 Park Avenue Associates II, LLC for displaying two illuminated “Kalikow” signs at 101 Park Avenue, Manhattan, without the required permits and above the relevant height limits. The signs were located inside of the building, eight inches from the windows at the top floor. The premises are being monitored for compliance.",https://www.nyc.gov/assets/buildings/pdf/1121_enforcement_action_bulletin.pdf,data/raw/dob_bulletins/2021/11.pdf,4,bbl,high,1.0,matched,bbl via geocode; address also agrees,property_match_only,,,needs_review,,,,"{""signage"": [""signs""]}",2021-11,101 Park Avenue,Manhattan,1012950001,1036144
EA-202201-c056baf41e,M070027,1011710063,1088686,75 WEST END AVENUE,Manhattan,40.773792,-73.989403,West End Towers,Public Open Spaces,1993,Restricted Hours,NY LLC Brodcom West Development Comp,property owner,1,2022,,other,"for illegal transient use of an apartment at 75 West End Avenue, Manhattan. Inspectors found three guests staying in an apartment in the building on a short-term stay booked through Airbnb. They also found that the apartment was missing a fire alarm system, which is required for transient units",66250,"$66,250 in total penalties issued to property owner NY LLC Brodcom West Development Comp. for illegal transient use of an apartment at 75 West End Avenue, Manhattan. Inspectors found three guests staying in an apartment in the building on a short-term stay booked through Airbnb. They also found that the apartment was missing a fire alarm system, which is required for transient units.",https://www.nyc.gov/assets/buildings/pdf/0122_enforcement_action_bulletin.pdf,data/raw/dob_bulletins/2022/01.pdf,4,bbl,high,1.0,matched,bbl via geocode; address also agrees,property_match_only,,,needs_review,,,,,2022-01,75 West End Avenue,Manhattan,1011710063,1088686
EA-202202-e71caefc72,M010056,1001260008,1090860,43 PARK PLACE,Manhattan,40.713726,-74.009794,,Public Access Area; Public Plaza,,24 Hours,US Crane & Rigging,,2,2022,,other,for operating a crane with an expired registration and for not having the proper aircraft warning light at a construction site at 45 Park Place in Manhattan,7500,"$7,500 in total penalties issued to US Crane & Rigging for operating a crane with an expired registration and for not having the proper aircraft warning light at a construction site at 45 Park Place in Manhattan.",https://www.nyc.gov/assets/buildings/pdf/0222_enforcement_action_bulletin.pdf,data/raw/dob_bulletins/2022/02.pdf,3,bbl,high,0.95,matched,bbl via geocode,property_match_only,,,needs_review,,,,,2022-02,45 Park Place,Manhattan,1001260008,1090860
EA-202203-ad619a5079,K010003,3024147503,3335796,316 KENT AVENUE,Brooklyn,40.714449,-73.96743,Domino Sugar Factory,Public Access Area,,,Breeze National Inc.,,3,2022,,signage,for displaying outdoor advertising sign posters on a construction fence at 292 Kent Avenue in Brooklyn,2500,"$2,500 penalty issued to Breeze National Inc. for displaying outdoor advertising sign posters on a construction fence at 292 Kent Avenue in Brooklyn.",https://www.nyc.gov/assets/buildings/pdf/0322_enforcement_action_bulletin.pdf,data/raw/dob_bulletins/2022/03.pdf,5,bbl,high,0.95,matched,bbl via geocode,property_match_only,,,needs_review,,,,"{""signage"": [""sign""]}",2022-03,292 Kent Avenue,Brooklyn,3024147503,3335796
EA-202203-58df6dea64,M080061,1015560023,1050288,345 EAST 93 STREET,Manhattan,40.78178,-73.946256,Mill Rock Plaza,Plaza; Special Permit Arcade,1975,24 Hours,Millrock Owner Corp.,,3,2022,,signage,"for a violation of discretionary zoning in a privately owned public space at 345 East 93rd Street, Manhattan. Issued after inspectors discovered that required signage was missing at the property’s street frontage",5000,"$5,000 penalty issued to Millrock Owner Corp. for a violation of discretionary zoning in a privately owned public space at 345 East 93rd Street, Manhattan. Issued after inspectors discovered that required signage was missing at the property’s street frontage.",https://www.nyc.gov/assets/buildings/pdf/0322_enforcement_action_bulletin.pdf,data/raw/dob_bulletins/2022/03.pdf,7,bbl,high,1.0,matched,bbl via geocode; address also agrees,pops_text_and_property_match,strong,privately owned public space;public space;discretionary zoning,auto_confirmed,,,,"{""signage"": [""signage""]}",2022-03,345 East 93rd Street,Manhattan,1015560023,1050288
EA-202206-c89feb8ebe,M010044,1000237501,1000815,1 WALL STREET,Manhattan,40.707121,-74.01183,Bank of New York,Plaza,1964,24 Hours,JT Magen & Company Inc,Safety Registrant,6,2022,2020-09-18,maintenance,"for violations observed at a 50-story building site at 1 Wall Street. Issued after a re-inspection of the site where on September 18, 2020, a guard fell down a shaft to his death. Inspection of the site resulted in summonses for failure to safeguard including: broken glass found on the 47th floor that was not secured; elevator shafts that were not protected; vertical safety netting open on various floors, inadequate guardrails and a zero cable that was not taut on all floors",30000,"$30,000 in total penalties issued to Safety Registrant JT Magen & Company Inc for violations observed at a 50-story building site at 1 Wall Street. Issued after a re-inspection of the site where on September 18, 2020, a guard fell down a shaft to his death. Inspection of the site resulted in summonses for failure to safeguard including: broken glass found on the 47th floor that was not secured; elevator shafts that were not protected; vertical safety netting open on various floors, inadequate guardrails and a zero cable that was not taut on all floors.",https://www.nyc.gov/assets/buildings/pdf/0622_enforcement_action_bulletin.pdf,data/raw/dob_bulletins/2022/06.pdf,5,bbl,high,1.0,matched,bbl via geocode; address also agrees,property_match_only,,,needs_review,,,,"{""maintenance"": [""broken""]}",2022-06,1 Wall Street.,Manhattan,1000237501,1000815
EA-202206-0318d26d5e,M050068,1007810002,1083026,2 PENNSYLVANIA PLAZA,Manhattan,40.749981,-73.992132,Two Penn Plaza/Madison Square Garden,Plaza (C6-2); Plaza (C6-4),1967,24 Hours,Breeze National Inc.,Safety Registrant,6,2022,,other,for failure to designate a Site Safety Manager (SSM) and failure to notify DOB of a change in SSM at 2 Penn Plaza,20000,"$20,000 in total penalties issued to Safety Registrant Breeze National Inc. for failure to designate a Site Safety Manager (SSM) and failure to notify DOB of a change in SSM at 2 Penn Plaza.",https://www.nyc.gov/assets/buildings/pdf/0622_enforcement_action_bulletin.pdf,data/raw/dob_bulletins/2022/06.pdf,5,bbl,high,0.95,matched,bbl via geocode,property_match_only,,,needs_review,,,,,2022-06,2 Penn Plaza.,Manhattan,1007810002,1083026
EA-202206-82303f8452,M080034,1015000045,1046957,50 EAST 89 STREET,Manhattan,40.78221,-73.956936,Park Regis,Landscaped Open Area; Plaza (Park-Like Open Space),1974,24 Hours; Restricted Hours,S Greental Co Park Regis Apt Corp,,6,2022,,access / closure,for chaining and padlocking a gate to a privately owned public space at 50 East 89th Street,15000,"$15,000 in total penalties issued to S Greental Co Park Regis Apt Corp for chaining and padlocking a gate to a privately owned public space at 50 East 89th Street.",https://www.nyc.gov/assets/buildings/pdf/0622_enforcement_action_bulletin.pdf,data/raw/dob_bulletins/2022/06.pdf,6,bbl,high,1.0,matched,bbl via geocode; address also agrees,pops_text_and_property_match,strong,privately owned public space;public space,auto_confirmed,,,,"{""access / closure"": [""gate"", ""padlock""]}",2022-06,50 East 89th Street.,Manhattan,1015000045,1046957
EA-202207-7b454e0561,M080034,1015000045,1046957,50 EAST 89 STREET,Manhattan,40.78221,-73.956936,Park Regis,Landscaped Open Area; Plaza (Park-Like Open Space),1974,24 Hours; Restricted Hours,Park Regis Apt Corp Charles H,property owners,7,2022,,maintenance,"for a zoning violation due to a Privately Owned Public Space (POPS) at 50 East 89th Street, Manhattan, that was found to be improperly maintained per the discretionary zoning agreement. The violating conditions include brick steps in the outdoor plaza that had fallen into disrepair and were creating a hazardous tripping condition",5000,"$5,000 in penalties issued to property owners Park Regis Apt Corp Charles H for a zoning violation due to a Privately Owned Public Space (POPS) at 50 East 89th Street, Manhattan, that was found to be improperly maintained per the discretionary zoning agreement. The violating conditions include brick steps in the outdoor plaza that had fallen into disrepair and were creating a hazardous tripping condition.",https://www.nyc.gov/assets/buildings/pdf/0722_enforcement_action_bulletin.pdf,data/raw/dob_bulletins/2022/07.pdf,5,bbl,high,1.0,matched,bbl via geocode; address also agrees,pops_text_and_property_match,strong,privately owned public space;POPS;public space;discretionary zoning;plaza,auto_confirmed,,,,"{""maintenance"": [""disrepair"", ""maintained""]}",2022-07,50 East 89th Street,Manhattan,1015000045,1046957
EA-202207-1b58078b4f,M050064,1007830070,1014387,1 PENNSYLVANIA PLAZA,Manhattan,40.751263,-73.992374,One Penn Plaza,Arcade; Plaza,1972,24 Hours,Turner Construction Company,,7,2022,,signage,"for hanging a prohibited outdoor advertising company sign on the parapet wall of a sidewalk shed in front of 1 Penn Plaza, Manhattan",2500,"$2,500 in total penalties issued to Turner Construction Company for hanging a prohibited outdoor advertising company sign on the parapet wall of a sidewalk shed in front of 1 Penn Plaza, Manhattan.",https://www.nyc.gov/assets/buildings/pdf/0722_enforcement_action_bulletin.pdf,data/raw/dob_bulletins/2022/07.pdf,5,bbl,high,0.95,matched,bbl via geocode,property_match_only,,,needs_review,,,,"{""signage"": [""sign""]}",2022-07,1 Penn Plaza,Manhattan,1007830070,1014387
EA-202208-3b32cdbe85,M040001,1010867502,1027072,555 WEST 57 STREET,Manhattan,40.770402,-73.990491,BMW,Arcade; Plaza,1971,24 Hours,Green W.57th Street LLC,,8,2022,,other,"for a zoning violation of a right public plaza at 555 West 57th Street. Summonses were issued after inspectors observed that the plaza corner area was closed off by poles, ropes and chains",12000,"$12,000 in penalties were issued to Green W.57th Street LLC for a zoning violation of a right public plaza at 555 West 57th Street. Summonses were issued after inspectors observed that the plaza corner area was closed off by poles, ropes and chains.",https://www.nyc.gov/assets/buildings/pdf/0822_enforcement_action_bulletin.pdf,data/raw/dob_bulletins/2022/08.pdf,2,bbl,high,1.0,matched,bbl via geocode; address also agrees,pops_text_and_property_match,moderate,public plaza;plaza,auto_confirmed,,,,,2022-08,555 West 57th Street.,Manhattan,1010867502,1027072
EA-202209-ed2c856b97,M050110,1008057502,1015146,835 6 AVENUE,Manhattan,40.747129,-73.990281,Hotel Eventi,Public Plaza; Urban Plaza,2010,24 Hours,835 Avenue of the Americas Condominium,,9,2022,,unauthorized design modification;obstruction,"for violations recorded at 835 Avenue of the Americas. At the scene, inspectors issued violations after observing fences up at West 29th and East 30th Streets blocking public access to the POPS location, despite POPs alteration permit having expired six months prior",10000,"$10,000 in penalties issued to 835 Avenue of the Americas Condominium for violations recorded at 835 Avenue of the Americas. At the scene, inspectors issued violations after observing fences up at West 29th and East 30th Streets blocking public access to the POPS location, despite POPs alteration permit having expired six months prior.",https://www.nyc.gov/assets/buildings/pdf/0922_enforcement_action_bulletin.pdf,data/raw/dob_bulletins/2022/09.pdf,3,bbl,high,1.0,matched,bbl via geocode; address also agrees,pops_text_and_property_match,strong,POPS,auto_confirmed,,,,"{""unauthorized design modification"": [""alteration""], ""obstruction"": [""blocking""]}",2022-09,835 Avenue of the Americas,Manhattan,1008057502,1015146
EA-202209-3879bf100f,M080094,1015630004,1085139,400 EAST 84 STREET,Manhattan,40.775165,-73.950164,Strathmore,Residential Plaza,1989,24 Hours,1616 First Company,,9,2022,,signage,"for a violation recorded at 400 East 84th Street. Inspectors observed illegal, incorrect signage at POPs public plaza indication restricted use and time, in violation of ZR 37-752",5000,"$5,000 in penalties issued to 1616 First Company for a violation recorded at 400 East 84th Street. Inspectors observed illegal, incorrect signage at POPs public plaza indication restricted use and time, in violation of ZR 37-752.",https://www.nyc.gov/assets/buildings/pdf/0922_enforcement_action_bulletin.pdf,data/raw/dob_bulletins/2022/09.pdf,4,bin,high,0.9,matched,bin via geocode,pops_text_and_property_match,moderate,public plaza;zoning resolution ch.37;plaza,auto_confirmed,,,,"{""signage"": [""signage""]}",2022-09,400 East 84th Street.,Manhattan,1015637501,1085139
EA-202209-eb5c4a9b83,,,,,,,,,,,,Shore Towers Condominium Metropolitan Pacific Property,,9,2022,,access / closure;signage;bicycle parking;maintenance,for violations recorded at 25-40 Shore Boulevard. Violation issued for padlocking and attaching signage stating “Please Walk Bicycles” to a public pedestrian/bike path that is supposed to be maintained for public access,1250,"$1,250 in penalties issued to Shore Towers Condominium Metropolitan Pacific Property for violations recorded at 25-40 Shore Boulevard. Violation issued for padlocking and attaching signage stating “Please Walk Bicycles” to a public pedestrian/bike path that is supposed to be maintained for public access.",https://www.nyc.gov/assets/buildings/pdf/0922_enforcement_action_bulletin.pdf,data/raw/dob_bulletins/2022/09.pdf,5,none,none,0.0,no_match,no POPS at this address,pops_text_only,moderate,public pedestrian path,needs_review,,,,"{""access / closure"": [""padlock""], ""signage"": [""signage""], ""bicycle parking"": [""bicycle""], ""maintenance"": [""maintained""]}",2022-09,25-40 Shore Boulevard.,Queens,4009057501,4438544
EA-202210-09ae48b095,K020003,3001470004,3319418,1 METROTECH CENTER,Brooklyn,40.693222,-73.986719,,Commons and Public Areas,1990,24 Hours,Forest City Jay Street Association,,10,2022,,fountain / water feature,"for a violation recorded at 1 MetroTech Center, a public plaza. Inspectors issued a zoning violation for privately owned public space conditions for the site’s lack of a drinking fountain",5000,"$5,000 in penalties issued to Forest City Jay Street Association for a violation recorded at 1 MetroTech Center, a public plaza. Inspectors issued a zoning violation for privately owned public space conditions for the site’s lack of a drinking fountain.",https://www.nyc.gov/assets/buildings/pdf/1022_enforcement_action_bulletin.pdf,data/raw/dob_bulletins/2022/10.pdf,4,bbl,high,1.0,matched,bbl via geocode; address also agrees,pops_text_and_property_match,strong,privately owned public space;public plaza;public space;plaza,auto_confirmed,,,,"{""fountain / water feature"": [""fountain""]}",2022-10,1 MetroTech Center,Brooklyn,3001470004,3319418
EA-202210-28a638e125,M010007,1000680036,1001116,100 WILLIAM STREET,Manhattan,40.708346,-74.007199,,Covered Pedestrian Space,1973,Restricted Hours,"John Hancock Insurance, Co.",,10,2022,,seating,for a violation recorded at 100 William Street. Inspectors issued a zoning violation for lack of benches or seating which are required for a privately owned public plaza,5000,"$5,000 in penalties issued to John Hancock Insurance, Co. for a violation recorded at 100 William Street. Inspectors issued a zoning violation for lack of benches or seating which are required for a privately owned public plaza.",https://www.nyc.gov/assets/buildings/pdf/1022_enforcement_action_bulletin.pdf,data/raw/dob_bulletins/2022/10.pdf,4,bbl,high,1.0,matched,bbl via geocode; address also agrees,pops_text_and_property_match,moderate,public plaza;plaza,auto_confirmed,,,,"{""seating"": [""benches"", ""seating""]}",2022-10,100 William Street.,Manhattan,1000680036,1001116
EA-202211-a37655fc06,K020002,3001407501,3000259,350 JAY STREET,Brooklyn,40.693812,-73.987992,Renaissance Plaza,Plaza and Plaza Connected Open Space; Urban Plaza,1998,24 Hours,Muss and Muss c/o Brooklyn Renaissance Plaza,,11,2022,,signage,"for a violation recorded at 350 Jay Street. DOB inspectors cited the building owner for having no plaques or signage at the location, a violation of a zoning requirement",5000,"$5,000 in penalties issued to Muss and Muss c/o Brooklyn Renaissance Plaza for a violation recorded at 350 Jay Street. DOB inspectors cited the building owner for having no plaques or signage at the location, a violation of a zoning requirement.",https://www.nyc.gov/assets/buildings/pdf/1122_enforcement_action_bulletin.pdf,data/raw/dob_bulletins/2022/11.pdf,3,bbl,high,1.0,matched,bbl via geocode; address also agrees,property_match_only,,,needs_review,,,,"{""signage"": [""plaques"", ""signage""]}",2022-11,350 Jay Street.,Brooklyn,3001407501,3000259
EA-202212-c8b50ced5a,M050062,1008697501,1017603,445 5 AVENUE,Manhattan,40.751588,-73.981752,Fifth Avenue Tower,Urban Plaza,1985,24 Hours,Fifth Avenue Condo BHS MS MNT,,12,2022,,access / closure;signage,for a violation recorded at 445 5th Avenue. Inspectors cited the building for a violation of discretionary zoning where a public plaza at the location was closed to the public with a chain and a displayed “closed” sign,10000,"$10,000 in fines issued to Fifth Avenue Condo BHS MS MNT for a violation recorded at 445 5th Avenue. Inspectors cited the building for a violation of discretionary zoning where a public plaza at the location was closed to the public with a chain and a displayed “closed” sign.",https://www.nyc.gov/assets/buildings/pdf/1222_enforcement_action_bulletin.pdf,data/raw/dob_bulletins/2022/12.pdf,5,bbl,high,1.0,matched,bbl via geocode; address also agrees,pops_text_and_property_match,moderate,public plaza;discretionary zoning;plaza,auto_confirmed,,,,"{""access / closure"": [""chain"", ""closed to the public"", ""closed to the public with a chain and a displayed “closed” sign""], ""signage"": [""sign""]}",2022-12,445 5th Avenue.,Manhattan,1008697501,1017603
EA-202301-c9aad6ee79,M060024,1009457501,1022051,728 2 AVENUE,Manhattan,40.748002,-73.972838,Churchill,Plaza,1966,24 Hours,300 East 40th St Condominium,,1,2023,,other,"for violations recorded at 300 East 40th Street. DOB inspectors issued violations to the company for failure to take required precautions after an unsafe facade filing, and for failure to comply charge with a prior violation. Unsafe report filed required netting, and inspections observed no netting from the 28th to 33rd floors",27500,"$27,500 in penalties issued to 300 East 40th St Condominium for violations recorded at 300 East 40th Street. DOB inspectors issued violations to the company for failure to take required precautions after an unsafe facade filing, and for failure to comply charge with a prior violation. Unsafe report filed required netting, and inspections observed no netting from the 28th to 33rd floors.",https://www.nyc.gov/assets/buildings/pdf/0123_enforcement_action_bulletin.pdf,data/raw/dob_bulletins/2023/01.pdf,3,bbl,high,0.95,matched,bbl via geocode,property_match_only,,,needs_review,,,,,2023-01,300 East 40th Street.,Manhattan,1009457501,1022051
EA-202301-4e14bbe5b2,M050017,1007760055,1014237,230 WEST 27 STREET,Manhattan,40.747028,-73.995362,,Plaza,1974,24 Hours,F.I.T Student Housing Corp,,1,2023,,other,"for violations recorded at 230 West 27th Street. DOB inspectors issued a ZR violation for conditions observed on as of right privately owned public space, where arrangements were not approved by City Planning",10000,"$10,000 in penalties issued to F.I.T Student Housing Corp for violations recorded at 230 West 27th Street. DOB inspectors issued a ZR violation for conditions observed on as of right privately owned public space, where arrangements were not approved by City Planning.",https://www.nyc.gov/assets/buildings/pdf/0123_enforcement_action_bulletin.pdf,data/raw/dob_bulletins/2023/01.pdf,4,bbl,high,1.0,matched,bbl via geocode; address also agrees,pops_text_and_property_match,strong,privately owned public space;public space,auto_confirmed,,,,,2023-01,230 West 27th Street.,Manhattan,1007760055,1014237
EA-202302-6e20ec8885,M010015,1000350010,1000868,111 WALL STREET,Manhattan,40.704265,-74.006997,,Arcade; Plaza,1967,,Hunter Roberts Construction,,2,2023,,other,"for violations recorded at 111 Wall Street. DOB inspectors issued violations for failure to follow manufacturer’s instructions, after a worker using a Skilsaw was holding the saw and wood without support or a workstation, resulting in almost slicing off three of his fingers",12500,"$12,500 in penalties issued to Hunter Roberts Construction for violations recorded at 111 Wall Street. DOB inspectors issued violations for failure to follow manufacturer’s instructions, after a worker using a Skilsaw was holding the saw and wood without support or a workstation, resulting in almost slicing off three of his fingers.",https://www.nyc.gov/assets/buildings/pdf/0223_enforcement_action_bulletin.pdf,data/raw/dob_bulletins/2023/02.pdf,3,bbl,high,1.0,matched,bbl via geocode; address also agrees,property_match_only,,,needs_review,,,,,2023-02,111 Wall Street.,Manhattan,1000350010,1000868
EA-202302-e8f46ebff9,M010051,1000537502,1088442,123 WASHINGTON STREET,Manhattan,40.709161,-74.013714,W Downtown Hotel & Residences,Urban Plaza,2010,24 Hours,123 Washington LLC,,2,2023,,unauthorized private use,for a violation recorded at 123 Washington Street. DOB inspectors observed a privately owned public plaza space used as an open-air café after City Planning authorization had expired,5000,"$5,000 in penalties issued to 123 Washington LLC for a violation recorded at 123 Washington Street. DOB inspectors observed a privately owned public plaza space used as an open-air café after City Planning authorization had expired.",https://www.nyc.gov/assets/buildings/pdf/0223_enforcement_action_bulletin.pdf,data/raw/dob_bulletins/2023/02.pdf,4,bbl,high,1.0,matched,bbl via geocode; address also agrees,pops_text_and_property_match,moderate,public plaza;plaza;open air cafe,auto_confirmed,,,,"{""unauthorized private use"": [""café"", ""used as""]}",2023-02,123 Washington Street.,Manhattan,1000537502,1088442
EA-202303-371d84cb16,M010050,1000690018,1087146,2 GOLD STREET,Manhattan,40.70741,-74.006932,Two Gold,Urban Plaza,2005,24 Hours,2 Gold Street,,3,2023,,unauthorized private use,for violations recorded at 2 Gold LLC. DOB inspectors issued violations for operation as an open-air café despite the permit to occupy the POPS space having expired,12500,"$12,500 in total penalties issued to 2 Gold Street for violations recorded at 2 Gold LLC. DOB inspectors issued violations for operation as an open-air café despite the permit to occupy the POPS space having expired.",https://www.nyc.gov/assets/buildings/pdf/0323_enforcement_action_bulletin.pdf,data/raw/dob_bulletins/2023/03.pdf,4,bbl,high,1.0,matched,bbl via geocode; address also agrees,pops_text_and_property_match,strong,POPS;open air cafe,auto_confirmed,,,,"{""unauthorized private use"": [""café""]}",2023-03,2 Gold Street,Manhattan,1000690018,1087146
EA-202305-f799a55329,,,,,,,,,,,,Crystal House Owners Inc.,,5,2023,,seating;landscaping,"for violations recorded at 200 West 24th Street. DOB inspectors issued violations to the owners of the Privately Owned Public Space on the property for affixing 200 feet of linear spokes to planters to prevent seating, which was contrary to plans",5000,"$5,000 in penalties issued to Crystal House Owners Inc. for violations recorded at 200 West 24th Street. DOB inspectors issued violations to the owners of the Privately Owned Public Space on the property for affixing 200 feet of linear spokes to planters to prevent seating, which was contrary to plans.",https://www.nyc.gov/assets/buildings/pdf/0523_enforcement_action_bulletin.pdf,data/raw/dob_bulletins/2023/05.pdf,3,none,none,0.0,no_match,no POPS at this address,pops_text_only,strong,privately owned public space;public space,needs_review,,,,"{""seating"": [""seating""], ""landscaping"": [""planters""]}",2023-05,200 West 24th Street.,Manhattan,1007737501,1087068
EA-202306-40d4396db9,M010014,1000330011,1000864,95 WALL STREET,Manhattan,40.704676,-74.007581,,Arcade; Plaza,1969,24 Hours,Ninety Five Wall Street LLC,,6,2023,,other,for violations recorded at 95 Wall Street. DOB inspectors issued violations for illegal transient use after observing an apartment occupied by 6 guests for fewer than 30 days and without a fire alarm system,47250,"$47,250 in total penalties issued to Ninety Five Wall Street LLC for violations recorded at 95 Wall Street. DOB inspectors issued violations for illegal transient use after observing an apartment occupied by 6 guests for fewer than 30 days and without a fire alarm system.",https://www.nyc.gov/assets/buildings/pdf/0623_enforcement_action_bulletin.pdf,data/raw/dob_bulletins/2023/06.pdf,3,bbl,high,1.0,matched,bbl via geocode; address also agrees,property_match_only,,,needs_review,,,,,2023-06,95 Wall Street.,Manhattan,1000330011,1000864
EA-202306-c4e4c10bce,M080072,1015770001,1050869,1520 YORK AVENUE,Manhattan,40.772184,-73.949394,Caldwell,Plaza,1972,24 Hours,80th Realty LLC,,6,2023,,access / closure;unauthorized private use,"for violations recorded at 1520 York Avenue. DOB inspectors issued violations to the owners of the privately owned public space (POPS) for disallowing access to the public, and for use by a nursey school without City Planning Commission permit",5000,"$5,000 in penalties issued to 80th Realty LLC for violations recorded at 1520 York Avenue. DOB inspectors issued violations to the owners of the privately owned public space (POPS) for disallowing access to the public, and for use by a nursey school without City Planning Commission permit.",https://www.nyc.gov/assets/buildings/pdf/0623_enforcement_action_bulletin.pdf,data/raw/dob_bulletins/2023/06.pdf,3,bbl,high,1.0,matched,bbl via geocode; address also agrees,pops_text_and_property_match,strong,privately owned public space;POPS;public space,auto_confirmed,,,,"{""access / closure"": [""disallowing access""], ""unauthorized private use"": [""school""]}",2023-06,1520 York Avenue.,Manhattan,1015770001,1050869
EA-202306-fb3e4697ce,M040004,1010400029,1076203,825 8 AVENUE,Manhattan,40.76223,-73.986943,One Worldwide Plaza,Elliptical Arcades; Plaza; Subway Access Areas,1989,24 Hours; Restricted Hours,WWP Holding LLC,,6,2023,,seating;unauthorized private use,for violations recorded at 825 8th Avenue. DOB inspectors issued violation to the owners of the privately owned public space (POPS) for having 45 tables and 180 chairs in the space without proper certification,5000,"$5,000 in penalties issued to WWP Holding LLC for violations recorded at 825 8th Avenue. DOB inspectors issued violation to the owners of the privately owned public space (POPS) for having 45 tables and 180 chairs in the space without proper certification.",https://www.nyc.gov/assets/buildings/pdf/0623_enforcement_action_bulletin.pdf,data/raw/dob_bulletins/2023/06.pdf,4,bbl,high,1.0,matched,bbl via geocode; address also agrees,pops_text_and_property_match,strong,privately owned public space;POPS;public space,auto_confirmed,,,,"{""seating"": [""chairs"", ""tables""], ""unauthorized private use"": [""without proper certification""]}",2023-06,825 8th Avenue.,Manhattan,1010400029,1076203
EA-202307-ec0e69b9d0,K010003,3024147503,3335796,316 KENT AVENUE,Brooklyn,40.714449,-73.96743,Domino Sugar Factory,Public Access Area,,,Refinery Construction LLC,,7,2023,,other,for violations issued to 292 Kent Ave. DOB inspectors issued violations for failure to safeguard after a worker fell from a suspended scaffold where no guardrails were in place,10000,"$10,000 in penalties issued to Refinery Construction LLC for violations issued to 292 Kent Ave. DOB inspectors issued violations for failure to safeguard after a worker fell from a suspended scaffold where no guardrails were in place.",https://www.nyc.gov/assets/buildings/pdf/0723_enforcement_action_bulletin.pdf,data/raw/dob_bulletins/2023/07.pdf,2,bbl,high,0.95,matched,bbl via geocode,property_match_only,,,needs_review,,,,,2023-07,292 Kent Ave.,Brooklyn,3024147503,3335796
EA-202308-7d72ed8638,,,,,,,,,,,,341 East 6th Street LLC,,8,2023,,obstruction,for violations recorded at 341 East 6th St. DOB inspectors issued violations to the owner of the Privately Owned Public Space (POPS) for blocking access to the public with a fence,10000,"$10,000 in penalties issued to 341 East 6th Street LLC for violations recorded at 341 East 6th St. DOB inspectors issued violations to the owner of the Privately Owned Public Space (POPS) for blocking access to the public with a fence.",https://www.nyc.gov/assets/buildings/pdf/0823_enforcement_action_bulletin.pdf,data/raw/dob_bulletins/2023/08.pdf,4,none,none,0.0,no_match,no POPS at this address,pops_text_only,strong,privately owned public space;POPS;public space,needs_review,,,,"{""obstruction"": [""blocking""]}",2023-08,341 East 6th St.,Manhattan,1004480035,1006290
EA-202308-1b9c577208,M060011,1008980001,1019551,201 EAST 17 STREET,Manhattan,40.735365,-73.985267,Park Towers Medical Plaza,Plaza,1973,24 Hours,Park Towers Tenants Corp,,8,2023,,signage,for violations recorded at 201 East 17th Street. DOB inspectors issued violations to owners of the Privately Owned Public Space (POPS) for not having the required posted informational signage regarding access,5000,"$5,000 in penalties issued to Park Towers Tenants Corp for violations recorded at 201 East 17th Street. DOB inspectors issued violations to owners of the Privately Owned Public Space (POPS) for not having the required posted informational signage regarding access.",https://www.nyc.gov/assets/buildings/pdf/0823_enforcement_action_bulletin.pdf,data/raw/dob_bulletins/2023/08.pdf,4,bbl,high,1.0,matched,bbl via geocode; address also agrees,pops_text_and_property_match,strong,privately owned public space;POPS;public space,auto_confirmed,,,,"{""signage"": [""signage""]}",2023-08,201 East 17th Street.,Manhattan,1008980001,1019551
EA-202311-467ac7fdca,M080080,1014840016,1000000,525 EAST 72 STREET,Manhattan,40.766492,-73.952113,One East River Place,Public Park,1988,Restricted Hours,One East River Place Realty Company LLC,,11,2023,,signage,for violations recorded at 525 East 72nd Street. DOB inspectors issued violations to the Privately Owned Public Space (POPS) for failure to have required signage,6250,"$6,250 in total penalties issued to One East River Place Realty Company LLC for violations recorded at 525 East 72nd Street. DOB inspectors issued violations to the Privately Owned Public Space (POPS) for failure to have required signage.",https://www.nyc.gov/assets/buildings/pdf/1123_enforcement_action_bulletin.pdf,data/raw/dob_bulletins/2023/11.pdf,4,address_exact,medium,0.6,matched,"exact address match, but geocoded BBL differs from POPS BBL",pops_text_and_property_match,strong,privately owned public space;POPS;public space,needs_review,,,,"{""signage"": [""signage""]}",2023-11,525 East 72nd Street.,Manhattan,1014840026,1046268
EA-202311-c8fe24e364,M050021,1010070029,1083719,1345 6 AVENUE,Manhattan,40.763064,-73.979254,Alliance Capital,Plaza,1968,24 Hours,1345 Leasehold LLC,,11,2023,,fountain / water feature,for violations recorded at 1345 Avenue of the Americas. DOB inspectors issued violations to the Privately Owned Public Space (POPS) for not having a working water fountain as was required as per CPC plans,5000,"$5,000 in penalties issued to 1345 Leasehold LLC for violations recorded at 1345 Avenue of the Americas. DOB inspectors issued violations to the Privately Owned Public Space (POPS) for not having a working water fountain as was required as per CPC plans.",https://www.nyc.gov/assets/buildings/pdf/1123_enforcement_action_bulletin.pdf,data/raw/dob_bulletins/2023/11.pdf,4,bbl,high,1.0,matched,bbl via geocode; address also agrees,pops_text_and_property_match,strong,privately owned public space;POPS;public space,auto_confirmed,,,,"{""fountain / water feature"": [""fountain""]}",2023-11,1345 Avenue of the Americas,Manhattan,1010070029,1083719
EA-202312-06276353c3,M080049,1015330001,1048809,201 EAST 87 STREET,Manhattan,40.779615,-73.95284,Claridge House,Park; Plaza,1975,24 Hours,Claridge House LLC,,12,2023,,other,for violations recorded at 201 East 87th street. DOB inspectors issued violations for zoning violations in a privately owned public space,5000,"$5,000 in penalties issued to Claridge House LLC for violations recorded at 201 East 87th street. DOB inspectors issued violations for zoning violations in a privately owned public space.",https://www.nyc.gov/assets/buildings/pdf/1223_enforcement_action_bulletin.pdf,data/raw/dob_bulletins/2023/12.pdf,4,bbl,high,1.0,matched,bbl via geocode; address also agrees,pops_text_and_property_match,strong,privately owned public space;public space,auto_confirmed,,,,,2023-12,201 East 87th street.,Manhattan,1015330001,1048809
EA-202401-ce6ccfe6cc,M050115,1008320017,1090786,1241 BROADWAY,Manhattan,40.747409,-73.988671,,Arcade,,,Triton Construction LLC,,1,2024,,other,for violations recorded at 1245 Broadway. DOB inspectors issued violations for failure to comply with manufacturer’s specifications after a worker fell from a baker’s scaffold that was being used without attaching outriggers while doing framing,12500,"$12,500 in penalties issued to Triton Construction LLC for violations recorded at 1245 Broadway. DOB inspectors issued violations for failure to comply with manufacturer’s specifications after a worker fell from a baker’s scaffold that was being used without attaching outriggers while doing framing.",https://www.nyc.gov/assets/buildings/pdf/0124_enforcement_action_bulletin.pdf,data/raw/dob_bulletins/2024/01.pdf,4,bbl,high,0.95,matched,bbl via geocode,property_match_only,,,needs_review,,,,,2024-01,1245 Broadway,Manhattan,1008320017,1090786
EA-202402-57e1712c87,Q070001,4049787502,4607310,138-35 39 AVENUE,Queens,40.761235,-73.827713,Flushing Commons,Publicly Accessible Open Space,,,Flushing Commons Property Owner LLC,,2,2024,,signage,for violations recorded at 138-35 39 Avenue. DOB inspectors issued violations at the Privately Owned Public Space (POPS) for failure to post required signage,5000,"$5,000 in penalties issued to Flushing Commons Property Owner LLC for violations recorded at 138-35 39 Avenue. DOB inspectors issued violations at the Privately Owned Public Space (POPS) for failure to post required signage.",https://www.nyc.gov/assets/buildings/pdf/0224_enforcement_action_bulletin.pdf,data/raw/dob_bulletins/2024/02.pdf,6,bbl,high,1.0,matched,bbl via geocode; address also agrees,pops_text_and_property_match,strong,privately owned public space;POPS;public space,auto_confirmed,,,,"{""signage"": [""signage""]}",2024-02,138-35 39 Avenue.,Queens,4049787502,4607310
EA-202403-f1bc2da717,M060051,1013230047,1038243,805 3 AVENUE,Manhattan,40.755388,-73.97054,Crystal Pavilion,Covered Pedestrian Space,1982,Restricted Hours,805 Third New York LLC,,3,2024,,access / closure,for violations recorded at 805 Third Ave. DOB inspectors issued violations for the zoning resolution not being adhered to after finding the Privately Owned Public Space (POPS) closed to the public,5000,"$5,000 in penalties issued to 805 Third New York LLC for violations recorded at 805 Third Ave. DOB inspectors issued violations for the zoning resolution not being adhered to after finding the Privately Owned Public Space (POPS) closed to the public.",https://www.nyc.gov/assets/buildings/pdf/0324_enforcement_action_bulletin.pdf,data/raw/dob_bulletins/2024/03.pdf,6,bbl,high,1.0,matched,bbl via geocode; address also agrees,pops_text_and_property_match,strong,privately owned public space;POPS;public space,auto_confirmed,,,,"{""access / closure"": [""closed to the public""]}",2024-03,805 Third Ave.,Manhattan,1013230047,1038243
EA-202404-5cd8f6e9ad,M010022,1000200009,1000804,45 BROADWAY,Manhattan,40.706542,-74.013266,45 Broadway Atrium,Arcade; Shopping Arcade,1983,24 Hours,45 Broadway LLC,,4,2024,,signage,"for violations recorded at 45 Broadway. DOB inspectors issued violations at the Privately Owned Public Space (POPS) for operating without required number of information plaques, after observing only one where there needs to be one every forty feet in the plaza",5000,"$5,000 in penalties issued to 45 Broadway LLC for violations recorded at 45 Broadway. DOB inspectors issued violations at the Privately Owned Public Space (POPS) for operating without required number of information plaques, after observing only one where there needs to be one every forty feet in the plaza.",https://www.nyc.gov/assets/buildings/pdf/0424_enforcement_action_bulletin.pdf,data/raw/dob_bulletins/2024/04.pdf,4,bbl,high,1.0,matched,bbl via geocode; address also agrees,pops_text_and_property_match,strong,privately owned public space;POPS;public space;plaza,auto_confirmed,,,,"{""signage"": [""plaques""]}",2024-04,45 Broadway,Manhattan,1000200009,1000804
EA-202408-91b61ec0ba,K150001,3087737501,3247051,1809 EMMONS AVENUE,Brooklyn,40.583936,-73.950173,,'Plaza',,,1809 Emmons Avenue Development LLC,,8,2024,,access / closure;landscaping;unauthorized private use;obstruction,"for violations recorded at 1809 Emmons Ave. DOB inspectors issued violations to the Privately Owned Public Space (POPS) after finding that 80% of plaza was taken over by two restaurants and planters, blocking the public from the area",10000,"$10,000 in penalties issued to 1809 Emmons Avenue Development LLC for violations recorded at 1809 Emmons Ave. DOB inspectors issued violations to the Privately Owned Public Space (POPS) after finding that 80% of plaza was taken over by two restaurants and planters, blocking the public from the area.",https://www.nyc.gov/assets/buildings/pdf/0824_enforcement_action_bulletin.pdf,data/raw/dob_bulletins/2024/08.pdf,3,bbl,high,1.0,matched,bbl via geocode; address also agrees,pops_text_and_property_match,strong,privately owned public space;POPS;public space;plaza,auto_confirmed,,,,"{""access / closure"": [""blocking the public""], ""landscaping"": [""planters""], ""unauthorized private use"": [""restaurants"", ""taken over""], ""obstruction"": [""blocking""]}",2024-08,1809 Emmons Ave.,Brooklyn,3087737501,3247051
EA-202408-d012264700,M050107,1008280001,1015632,776 6 AVENUE,Manhattan,40.744914,-73.990772,The Capitol at Chelsea,Urban Plaza,2002,Restricted Hours,Chelsea New York Realty Company,,8,2024,,access / closure,"for violations recorded at 776 6th Ave. DOB inspectors issued violations to the Privately Owned Public Space (POPS) for both entrances being padlocked, despite documents stating that the location should have been open",10000,"$10,000 in total penalties issued to Chelsea New York Realty Company for violations recorded at 776 6th Ave. DOB inspectors issued violations to the Privately Owned Public Space (POPS) for both entrances being padlocked, despite documents stating that the location should have been open.",https://www.nyc.gov/assets/buildings/pdf/0824_enforcement_action_bulletin.pdf,data/raw/dob_bulletins/2024/08.pdf,4,bbl,high,1.0,matched,bbl via geocode; address also agrees,pops_text_and_property_match,strong,privately owned public space;POPS;public space,auto_confirmed,,,,"{""access / closure"": [""locked"", ""padlock""]}",2024-08,776 6th Ave.,Manhattan,1008280001,1015632
EA-202409-188b69aad7,M050041,1012850021,1035455,437 MADISON AVENUE,Manhattan,40.75737,-73.975394,,Arcade; Plaza,1968,24 Hours,Coastal Waterproofing LLC,,9,2024,,other,"for violations recorded 437 Madison Ave. DOB inspectors issued violations following an incident where a worker fell 18 feet, landing on setback platform. Inspectors observed no guardrails or barriers present to block the fall, and worker was not tied off",10000,"$10,000 in penalties issued to Coastal Waterproofing LLC for violations recorded 437 Madison Ave. DOB inspectors issued violations following an incident where a worker fell 18 feet, landing on setback platform. Inspectors observed no guardrails or barriers present to block the fall, and worker was not tied off.",https://www.nyc.gov/assets/buildings/pdf/0924_enforcement_action_bulletin.pdf,data/raw/dob_bulletins/2024/09.pdf,4,bbl,high,1.0,matched,bbl via geocode; address also agrees,property_match_only,,,needs_review,,,,,2024-09,437 Madison Ave.,Manhattan,1012850021,1035455
EA-202412-786b122878,M010046,1000400003,1001004,60 WALL STREET,Manhattan,40.706241,-74.008505,J.P. Morgan,Arcade; Covered Pedestrian Space,1989,24 Hours; Closing for Events; Restricted Hours,Structure Tone LLC,,12,2024,,other,for violations recorded at 60 Wall Street. DOB inspectors issued violations for failure to safeguard construction workers after one of the workers fell 30 feet while installing decking on the third floor,10000,"$10,000 in penalties issued to Structure Tone LLC for violations recorded at 60 Wall Street. DOB inspectors issued violations for failure to safeguard construction workers after one of the workers fell 30 feet while installing decking on the third floor.",https://www.nyc.gov/assets/buildings/pdf/1224_enforcement_action_bulletin.pdf,data/raw/dob_bulletins/2024/12.pdf,7,bbl,high,1.0,matched,bbl via geocode; address also agrees,property_match_only,,,needs_review,,,,,2024-12,60 Wall Street.,Manhattan,1000400003,1001004
EA-202503-e21f11bc9b,M010002,1001280002,1001416,101 BARCLAY STREET,Manhattan,40.71451,-74.012236,,Pedestrian Easement; Public Lobby,1983,24 Hours,"Structure Tone, LLC",,3,2025,,other,"for violations recorded at 240 Greenwich Street. DOB inspectors issued violations for failure to safeguard the public and property after inspectors responded to an incident where a forklift driver and a helper moving 20-foot rebar did not secure the load to the forklift, resulting in the forklift flipping when the load weight shifted, injuring both workers",25000,"$25,000 in penalties issued to Structure Tone, LLC for violations recorded at 240 Greenwich Street. DOB inspectors issued violations for failure to safeguard the public and property after inspectors responded to an incident where a forklift driver and a helper moving 20-foot rebar did not secure the load to the forklift, resulting in the forklift flipping when the load weight shifted, injuring both workers.",https://www.nyc.gov/assets/buildings/pdf/0325_enforcement_action_bulletin.pdf,data/raw/dob_bulletins/2025/03.pdf,5,bbl,high,0.95,matched,bbl via geocode,property_match_only,,,needs_review,,,,,2025-03,240 Greenwich Street.,Manhattan,1001280002,1001416
EA-202601-3139a1dfc3,M010042,1000157501,1082634,17 BATTERY PLACE,Manhattan,40.7056,-74.015837,,Arcade; Plaza,1972,24 Hours,17 Battery Place Condominium,,1,2026,,other,"for violations recorded at 17 Battery Place. DOB inspectors issued violations for failure to safeguard after observing spalling concrete at several locations on the first floor, and spalling fireproof material from steel beams at several locations at a three-level parking structure located under an occupied building",10000,"$10,000 in penalties imposed on 17 Battery Place Condominium for violations recorded at 17 Battery Place. DOB inspectors issued violations for failure to safeguard after observing spalling concrete at several locations on the first floor, and spalling fireproof material from steel beams at several locations at a three-level parking structure located under an occupied building.",https://www.nyc.gov/assets/buildings/pdf/0126_enforcement_action_bulletin.pdf,data/raw/dob_bulletins/2026/01.pdf,4,bbl,high,1.0,matched,bbl via geocode; address also agrees,property_match_only,,,needs_review,,,,,2026-01,17 Battery Place.,Manhattan,1000157501,1082634
EA-202603-567f45138f,M050021,1010070029,1083719,1345 6 AVENUE,Manhattan,40.763064,-73.979254,Alliance Capital,Plaza,1968,24 Hours,JRM Construction MGMT LLC,,3,2026,,other,for violations recorded at 1345 6th Avenue. DOB inspectors issued violations for failure to safeguard the property after an exterior glass panel dislodged from the 43rd floor and landed on the street below. Inspectors also issued violations for failure to immediately inform DOB of an incident,30000,"$30,000 in penalties imposed on JRM Construction MGMT LLC for violations recorded at 1345 6th Avenue. DOB inspectors issued violations for failure to safeguard the property after an exterior glass panel dislodged from the 43rd floor and landed on the street below. Inspectors also issued violations for failure to immediately inform DOB of an incident.",https://www.nyc.gov/assets/buildings/pdf/0326_enforcement_action_bulletin.pdf,data/raw/dob_bulletins/2026/03.pdf,4,bbl,high,1.0,matched,bbl via geocode; address also agrees,property_match_only,,,needs_review,,,,,2026-03,1345 6th Avenue.,Manhattan,1010070029,1083719
