bulletin_id,bulletin_month,bulletin_year,pdf_url,date_discovered,last_seen_on_index,local_filename,downloaded,downloaded_at,sha256,size_bytes,http_etag,http_last_modified,page_count,text_chars,has_text_layer,parsed,parsed_at,extraction_method,n_enforcement_actions,n_potential_pops_matches,index_label,label_month,label_year,label_conflict,filename_pattern_ok,still_on_index,processing_errors
2017-12,12,2017,https://www.nyc.gov/assets/buildings/pdf/1217_enforcement_action_bulletin.pdf,2026-09-20,2026-09-20,data/raw/dob_bulletins/2017/12.pdf,True,2026-09-20T19:29:36+00:00,adb73441ddbc5138e9607c9670993e250d30b9edc7b977bba64cd875a2a7b54d,130579,"""6a96f3b4-1fe13""","Tue, 01 Sep 2026 15:48:04 GMT",2,3915,True,True,2026-09-21T01:30:27+00:00,pdfplumber,6,0,Enforcement Action Bulletin: December 2017,12,2017,False,True,True,
2018-01,1,2018,https://www.nyc.gov/assets/buildings/pdf/0118_enforcement_action_bulletin.pdf,2026-09-20,2026-09-20,data/raw/dob_bulletins/2018/01.pdf,True,2026-09-20T19:29:36+00:00,674c06dd9f1bfb7bcbbabf17d4461dd8f4214218c87ac62536fcea75eb812d2a,125572,"""6a96f3ac-1ea84""","Tue, 01 Sep 2026 15:47:56 GMT",2,3966,True,True,2026-09-21T01:30:27+00:00,pdfplumber,8,0,Enforcement Action Bulletin: January 2018,1,2018,False,True,True,
2018-02,2,2018,https://www.nyc.gov/assets/buildings/pdf/0218_enforcement_action_bulletin.pdf,2026-09-20,2026-09-20,data/raw/dob_bulletins/2018/02.pdf,True,2026-09-20T19:29:37+00:00,6eb671d11df0c7ec0255cd2315465bec66d1f9b2b8820eacc2a80b569f616631,127368,"""6a96f3ac-1f188""","Tue, 01 Sep 2026 15:47:56 GMT",2,3544,True,True,2026-09-21T01:30:27+00:00,pdfplumber,8,0,Enforcement Action Bulletin: February 2018,2,2018,False,True,True,
2018-03,3,2018,https://www.nyc.gov/assets/buildings/pdf/0318_enforcement_action_bulletin.pdf,2026-09-20,2026-09-20,data/raw/dob_bulletins/2018/03.pdf,True,2026-09-20T19:29:37+00:00,1732b08fd775d534ce4300d5387330c55647ffa3d0e7cf96ed5220547dff5bf6,127850,"""6a96f3ad-1f36a""","Tue, 01 Sep 2026 15:47:57 GMT",2,4665,True,True,2026-09-21T01:30:27+00:00,pdfplumber,12,0,Enforcement Action Bulletin: March 2018,3,2018,False,True,True,
2018-04,4,2018,https://www.nyc.gov/assets/buildings/pdf/0418_enforcement_action_bulletin.pdf,2026-09-20,2026-09-20,data/raw/dob_bulletins/2018/04.pdf,True,2026-09-20T19:29:38+00:00,e952872779749d21605f69efcb5c22a41040128cb9ce1cbf9b7956409c0d77c9,127834,"""6a96f3ae-1f35a""","Tue, 01 Sep 2026 15:47:58 GMT",2,4390,True,True,2026-09-21T01:30:27+00:00,pdfplumber,12,1,Enforcement Action Bulletin: April 2018,4,2018,False,True,True,
2018-05,5,2018,https://www.nyc.gov/assets/buildings/pdf/0518_enforcement_action_bulletin.pdf,2026-09-20,2026-09-20,data/raw/dob_bulletins/2018/05.pdf,True,2026-09-20T19:29:39+00:00,d5760dadd49b849fb46e64bbe967db0fa2690d72244bd781e2ad4c8f115ecbac,127558,"""6a96f3af-1f246""","Tue, 01 Sep 2026 15:47:59 GMT",2,4290,True,True,2026-09-21T01:30:27+00:00,pdfplumber,12,0,Enforcement Action Bulletin: May 2018,5,2018,False,True,True,
2018-06,6,2018,https://www.nyc.gov/assets/buildings/pdf/0618_enforcement_action_bulletin.pdf,2026-09-20,2026-09-20,data/raw/dob_bulletins/2018/06.pdf,True,2026-09-20T19:29:39+00:00,011b0cff6e998fa5ae2f6e631fc00116dba7d4db5416757bf834d9d8e38f3de5,121750,"""6a96f3af-1db96""","Tue, 01 Sep 2026 15:47:59 GMT",2,4753,True,True,2026-09-21T01:30:27+00:00,pdfplumber,13,0,Enforcement Action Bulletin: June 2018,6,2018,False,True,True,
2018-07,7,2018,https://www.nyc.gov/assets/buildings/pdf/0718_enforcement_action_bulletin.pdf,2026-09-20,2026-09-20,data/raw/dob_bulletins/2018/07.pdf,True,2026-09-20T19:29:40+00:00,27d8e5a36f679d187c3ed4ab114e79df7488f8b9f51b9977fba60bb46e377389,278962,"""6a96f3b0-441b2""","Tue, 01 Sep 2026 15:48:00 GMT",4,9060,True,True,2026-09-21T01:30:27+00:00,pdfplumber,27,2,Enforcement Action Bulletin: July 2018,7,2018,False,True,True,
2018-08,8,2018,https://www.nyc.gov/assets/buildings/pdf/0818_enforcement_action_bulletin.pdf,2026-09-20,2026-09-20,data/raw/dob_bulletins/2018/08.pdf,True,2026-09-20T19:29:41+00:00,046d96f2a302db2d715bf180f4f378b5da8a00bd6d48784fde3184af4fb801b3,251279,"""6a96f3b1-3d58f""","Tue, 01 Sep 2026 15:48:01 GMT",5,8778,True,True,2026-09-21T01:30:27+00:00,pdfplumber,27,0,Enforcement Action Bulletin: August 2018,8,2018,False,True,True,
2018-09,9,2018,https://www.nyc.gov/assets/buildings/pdf/0918_enforcement_action_bulletin.pdf,2026-09-20,2026-09-20,data/raw/dob_bulletins/2018/09.pdf,True,2026-09-20T19:29:42+00:00,ce0fb2c55d1c389242024b2175e34c31002986b20e53b517678c2051ce2e771d,361813,"""6a96f3b2-58555""","Tue, 01 Sep 2026 15:48:02 GMT",4,6460,True,True,2026-09-21T01:30:27+00:00,pdfplumber,17,0,Enforcement Action Bulletin: September 2018,9,2018,False,True,True,
2018-10,10,2018,https://www.nyc.gov/assets/buildings/pdf/1018_enforcement_action_bulletin.pdf,2026-09-20,2026-09-20,data/raw/dob_bulletins/2018/10.pdf,True,2026-09-20T19:29:43+00:00,260889931d4afea238630c91419050483358436b411ab086c31f9b764d598648,252003,"""6a96f3b3-3d863""","Tue, 01 Sep 2026 15:48:03 GMT",7,13564,True,True,2026-09-21T01:30:27+00:00,pdfplumber,40,4,Enforcement Action Bulletin: October 2018,10,2018,False,True,True,
2018-11,11,2018,https://www.nyc.gov/assets/buildings/pdf/1118_enforcement_action_bulletin.pdf,2026-09-20,2026-09-20,data/raw/dob_bulletins/2018/11.pdf,True,2026-09-20T19:29:43+00:00,47c519cbcf40198a5939f5a51740b6a68828afd85960b297ce7f71c1037891c2,808807,"""6a96f3b4-c5767""","Tue, 01 Sep 2026 15:48:04 GMT",5,6695,True,True,2026-09-21T01:30:27+00:00,pdfplumber,19,0,Enforcement Action Bulletin: November 2018,11,2018,False,True,True,
2018-12,12,2018,https://www.nyc.gov/assets/buildings/pdf/1218_enforcement_action_bulletin.pdf,2026-09-20,2026-09-20,data/raw/dob_bulletins/2018/12.pdf,True,2026-09-20T19:29:44+00:00,e6446f9e339c97ba5c71518bb4dc095c04a84fff99c5ad4d1b623135bd1fe27b,722655,"""6a96f3b4-b06df""","Tue, 01 Sep 2026 15:48:04 GMT",4,8792,True,True,2026-09-21T01:30:27+00:00,pdfplumber,24,0,Enforcement Action Bulletin: December 2018,12,2018,False,True,True,
2019-01,1,2019,https://www.nyc.gov/assets/buildings/pdf/0119_enforcement_action_bulletin.pdf,2026-09-20,2026-09-20,data/raw/dob_bulletins/2019/01.pdf,True,2026-09-20T19:29:45+00:00,98f2617b659258f4b4e24c428eee97b47ba3b68c82ff61cdc9a09bb4ed6e181b,323460,"""6a96f3ac-4ef84""","Tue, 01 Sep 2026 15:47:56 GMT",5,9283,True,True,2026-09-21T01:30:27+00:00,pdfplumber,21,1,Enforcement Action Bulletin: January 2019,1,2019,False,True,True,
2019-02,2,2019,https://www.nyc.gov/assets/buildings/pdf/0219_enforcement_action_bulletin.pdf,2026-09-20,2026-09-20,data/raw/dob_bulletins/2019/02.pdf,True,2026-09-20T19:29:45+00:00,3bb52ed93ae76c79ccfee118e16e5376b18dd681848081976bc374352440c61d,518979,"""6a96f3ac-7eb43""","Tue, 01 Sep 2026 15:47:56 GMT",5,10849,True,True,2026-09-21T01:30:27+00:00,pdfplumber,26,2,Enforcement Action Bulletin: February 2019,2,2019,False,True,True,
2019-03,3,2019,https://www.nyc.gov/assets/buildings/pdf/0319_enforcement_action_bulletin.pdf,2026-09-20,2026-09-20,data/raw/dob_bulletins/2019/03.pdf,True,2026-09-20T19:29:46+00:00,50136290d06535a40c965264338d36a5879671f9c18147647e2f916699491610,284139,"""6a96f3ad-455eb""","Tue, 01 Sep 2026 15:47:57 GMT",4,10554,True,True,2026-09-21T01:30:27+00:00,pdfplumber,24,4,Enforcement Action Bulletin: March 2019,3,2019,False,True,True,
2019-04,4,2019,https://www.nyc.gov/assets/buildings/pdf/0419_enforcement_action_bulletin.pdf,2026-09-20,2026-09-20,data/raw/dob_bulletins/2019/04.pdf,True,2026-09-20T19:29:47+00:00,ca60acead9b543eef25ef412b33f8b2d08e94bf1f01ea8b1f495928eec263705,424096,"""6a96f3ae-678a0""","Tue, 01 Sep 2026 15:47:58 GMT",5,11328,True,True,2026-09-21T01:30:27+00:00,pdfplumber,26,2,Enforcement Action Bulletin: April 2019,4,2019,False,True,True,
2019-05,5,2019,https://www.nyc.gov/assets/buildings/pdf/0519_enforcement_action_bulletin.pdf,2026-09-20,2026-09-20,data/raw/dob_bulletins/2019/05.pdf,True,2026-09-20T19:29:47+00:00,269d9d650b19ecfc2545f565dc42810bb513f421d503669f541283fcf6228a21,297364,"""6a96f3af-48994""","Tue, 01 Sep 2026 15:47:59 GMT",5,12462,True,True,2026-09-21T01:30:27+00:00,pdfplumber,29,2,Enforcement Action Bulletin: May 2019,5,2019,False,True,True,
2019-06,6,2019,https://www.nyc.gov/assets/buildings/pdf/0619_enforcement_action_bulletin.pdf,2026-09-20,2026-09-20,data/raw/dob_bulletins/2019/06.pdf,True,2026-09-20T19:29:48+00:00,9a04fce9bdc21d6b66f70d477d889822ac3ce28c1e34bb12b1f25d9ff0cf54d2,292399,"""6a96f3af-4762f""","Tue, 01 Sep 2026 15:47:59 GMT",4,9019,True,True,2026-09-21T01:30:27+00:00,pdfplumber,22,0,Enforcement Action Bulletin: June 2019,6,2019,False,True,True,
2019-07,7,2019,https://www.nyc.gov/assets/buildings/pdf/0719_enforcement_action_bulletin.pdf,2026-09-20,2026-09-20,data/raw/dob_bulletins/2019/07.pdf,True,2026-09-20T19:29:49+00:00,47c25c7466ae2d8e2d697a9d0f8fed998b9a8be4974943eb98619e890ba07040,523360,"""6a96f3b0-7fc60""","Tue, 01 Sep 2026 15:48:00 GMT",5,12285,True,True,2026-09-21T01:30:27+00:00,pdfplumber,27,1,Enforcement Action Bulletin: July 2019,7,2019,False,True,True,
2019-08,8,2019,https://www.nyc.gov/assets/buildings/pdf/0819_enforcement_action_bulletin.pdf,2026-09-20,2026-09-20,data/raw/dob_bulletins/2019/08.pdf,True,2026-09-20T19:29:49+00:00,23aeda5c9d541cc22c09f6b852ab47020cacdec39f56eb6a63f4117fc408b717,392126,"""6a96f3b1-5fbbe""","Tue, 01 Sep 2026 15:48:01 GMT",4,9565,True,True,2026-09-21T01:30:27+00:00,pdfplumber,24,0,Enforcement Action Bulletin: August 2019,8,2019,False,True,True,
2019-09,9,2019,https://www.nyc.gov/assets/buildings/pdf/0919_enforcement_action_bulletin.pdf,2026-09-20,2026-09-20,data/raw/dob_bulletins/2019/09.pdf,True,2026-09-20T19:29:50+00:00,d22abce6e52c1cd3944c0c436b42bc6269ddfb7bb2e0fbd4676d92366e442ebd,281960,"""6a96f3b2-44d68""","Tue, 01 Sep 2026 15:48:02 GMT",5,11871,True,True,2026-09-21T01:30:27+00:00,pdfplumber,28,0,Enforcement Action Bulletin: September 2019,9,2019,False,True,True,
2019-10,10,2019,https://www.nyc.gov/assets/buildings/pdf/1019_enforcement_action_bulletin.pdf,2026-09-20,2026-09-20,data/raw/dob_bulletins/2019/10.pdf,True,2026-09-20T19:29:50+00:00,7f6e236a72675ddba4080c398ec06248039d97c346114e9e44291b6acc52672e,391003,"""6a96f3b3-5f75b""","Tue, 01 Sep 2026 15:48:03 GMT",5,12098,True,True,2026-09-21T01:30:27+00:00,pdfplumber,27,0,Enforcement Action Bulletin: October 2019,10,2019,False,True,True,
2019-11,11,2019,https://www.nyc.gov/assets/buildings/pdf/1119_enforcement_action_bulletin.pdf,2026-09-20,2026-09-20,data/raw/dob_bulletins/2019/11.pdf,True,2026-09-20T19:29:51+00:00,ff9b121fcc777a1e16b17d80dd0bf8e39426634169279dfb1814090cafee684c,280260,"""6a96f3b4-446c4""","Tue, 01 Sep 2026 15:48:04 GMT",5,13960,True,True,2026-09-21T01:30:27+00:00,pdfplumber,35,0,Enforcement Action Bulletin: November 2019,11,2019,False,True,True,
2019-12,12,2019,https://www.nyc.gov/assets/buildings/pdf/1219_enforcement_action_bulletin.pdf,2026-09-20,2026-09-20,data/raw/dob_bulletins/2019/12.pdf,True,2026-09-20T19:29:52+00:00,779163b88a4eeac4d7d0f6f167419783002f4c4a06c02ccb1c18e1143af6d4a7,361501,"""6a96f3b4-5841d""","Tue, 01 Sep 2026 15:48:04 GMT",4,8196,True,True,2026-09-21T01:30:27+00:00,pdfplumber,23,1,Enforcement Action Bulletin: December 2019,12,2019,False,True,True,
2020-01,1,2020,https://www.nyc.gov/assets/buildings/pdf/0120_enforcement_action_bulletin.pdf,2026-09-20,2026-09-20,data/raw/dob_bulletins/2020/01.pdf,True,2026-09-20T19:29:52+00:00,3efa73d6cc7bc35b2f12fb312fc2e6262f9e04ddd4dacfef4096d53b25210f15,345923,"""6a96f3ac-54743""","Tue, 01 Sep 2026 15:47:56 GMT",5,12386,True,True,2026-09-21T01:30:27+00:00,pdfplumber,27,1,Enforcement Action Bulletin: January 2020,1,2020,False,True,True,
2020-02,2,2020,https://www.nyc.gov/assets/buildings/pdf/0220_enforcement_action_bulletin.pdf,2026-09-20,2026-09-20,data/raw/dob_bulletins/2020/02.pdf,True,2026-09-20T19:29:53+00:00,734de8180c804522a172bb3b25b2fc03549374bdf3221ed0dca83fe7ff03bc63,202030,"""6a96f3ad-3152e""","Tue, 01 Sep 2026 15:47:57 GMT",4,8382,True,True,2026-09-21T01:30:27+00:00,pdfplumber,17,2,Enforcement Action Bulletin: February 2020,2,2020,False,True,True,
2020-03,3,2020,https://www.nyc.gov/assets/buildings/pdf/0320_enforcement_action_bulletin.pdf,2026-09-20,2026-09-20,data/raw/dob_bulletins/2020/03.pdf,True,2026-09-20T19:29:53+00:00,334a0617dabfb130e107f4eb86180506a48b85ae72d8a0adef66e20a46ca2ded,257294,"""6a96f3ad-3ed0e""","Tue, 01 Sep 2026 15:47:57 GMT",7,11473,True,True,2026-09-21T01:30:27+00:00,pdfplumber,22,0,Enforcement Action Bulletin: March 2020,3,2020,False,True,True,
2020-04,4,2020,https://www.nyc.gov/assets/buildings/pdf/0420_enforcement_action_bulletin.pdf,2026-09-20,2026-09-20,data/raw/dob_bulletins/2020/04.pdf,True,2026-09-20T19:29:54+00:00,8445006cfbb3527bee3ebba763ae7904a2ffd8c7d45b9c3feb54f304478220a8,118154,"""6a96f3ae-1cd8a""","Tue, 01 Sep 2026 15:47:58 GMT",4,7755,True,True,2026-09-21T01:30:27+00:00,pdfplumber,16,1,Enforcement Action Bulletin: April 2020,4,2020,False,True,True,
2020-05,5,2020,https://www.nyc.gov/assets/buildings/pdf/0520_enforcement_action_bulletin.pdf,2026-09-20,2026-09-20,data/raw/dob_bulletins/2020/05.pdf,True,2026-09-20T19:29:55+00:00,b0757292208d9fcd614792aa0e76b485cea047ac34ec7960aa86727c93e6b15f,102842,"""6a96f3af-191ba""","Tue, 01 Sep 2026 15:47:59 GMT",5,11134,True,True,2026-09-21T01:30:27+00:00,pdfplumber,22,2,Enforcement Action Bulletin: May 2020,5,2020,False,True,True,
2020-06,6,2020,https://www.nyc.gov/assets/buildings/pdf/0620_enforcement_action_bulletin.pdf,2026-09-20,2026-09-20,data/raw/dob_bulletins/2020/06.pdf,True,2026-09-20T19:29:55+00:00,b016edfe8662cdc3dc95776ddc5dcd202d6d5fd579d1a4c3817a06db1153cefb,158405,"""6a96f3af-26ac5""","Tue, 01 Sep 2026 15:47:59 GMT",5,11620,True,True,2026-09-21T01:30:27+00:00,pdfplumber,25,0,Enforcement Action Bulletin: June 2020,6,2020,False,True,True,
2020-07,7,2020,https://www.nyc.gov/assets/buildings/pdf/0720_enforcement_action_bulletin.pdf,2026-09-20,2026-09-20,data/raw/dob_bulletins/2020/07.pdf,True,2026-09-20T19:29:56+00:00,df172e8208bd164e01bddd851392219d997d0b606d7ce09b87230d3859f4f043,231265,"""6a96f3b0-38761""","Tue, 01 Sep 2026 15:48:00 GMT",6,10803,True,True,2026-09-21T01:30:27+00:00,pdfplumber,25,1,Enforcement Action Bulletin: July 2020,7,2020,False,True,True,
2020-08,8,2020,https://www.nyc.gov/assets/buildings/pdf/0820_enforcement_action_bulletin.pdf,2026-09-20,2026-09-20,data/raw/dob_bulletins/2020/08.pdf,True,2026-09-20T19:29:57+00:00,ec56a831f38181d82f40b1cfce07de19f3abd4d120f5fb802128b6933c642887,298826,"""6a96f3b1-48f4a""","Tue, 01 Sep 2026 15:48:01 GMT",7,11275,True,True,2026-09-21T01:30:27+00:00,pdfplumber,26,1,Enforcement Action Bulletin: August 2020,8,2020,False,True,True,
2020-09,9,2020,https://www.nyc.gov/assets/buildings/pdf/0920_enforcement_action_bulletin.pdf,2026-09-20,2026-09-20,data/raw/dob_bulletins/2020/09.pdf,True,2026-09-20T19:29:57+00:00,f8f88219149f8f9cf2fbd836121f99992977ea69d4d894c7c7dcc156ffc5a1f0,227086,"""6a96f3b2-3770e""","Tue, 01 Sep 2026 15:48:02 GMT",6,14215,True,True,2026-09-21T01:30:27+00:00,pdfplumber,27,1,Enforcement Action Bulletin: September 2020,9,2020,False,True,True,
2020-10,10,2020,https://www.nyc.gov/assets/buildings/pdf/1020_enforcement_action_bulletin.pdf,2026-09-20,2026-09-20,data/raw/dob_bulletins/2020/10.pdf,True,2026-09-20T19:29:58+00:00,6c3f9f3be009cac743ab6124bbcff1c36af42f938dfdfcc8d5c4c2d427babd34,343966,"""6a96f3b3-53f9e""","Tue, 01 Sep 2026 15:48:03 GMT",8,14055,True,True,2026-09-21T01:30:27+00:00,pdfplumber,29,1,Enforcement Action Bulletin: October 2020,10,2020,False,True,True,
2020-11,11,2020,https://www.nyc.gov/assets/buildings/pdf/1120_enforcement_action_bulletin.pdf,2026-09-20,2026-09-20,data/raw/dob_bulletins/2020/11.pdf,True,2026-09-20T19:29:58+00:00,160887078571d14855c859aa2f971e60b943a66c60d45c9e4b64d37aa8bce95c,208762,"""6a96f3b4-32f7a""","Tue, 01 Sep 2026 15:48:04 GMT",6,12289,True,True,2026-09-21T01:30:27+00:00,pdfplumber,25,0,Enforcement Action Bulletin: November 2020,11,2020,False,True,True,
2020-12,12,2020,https://www.nyc.gov/assets/buildings/pdf/1220_enforcement_action_bulletin.pdf,2026-09-20,2026-09-20,data/raw/dob_bulletins/2020/12.pdf,True,2026-09-20T19:29:59+00:00,867b1cdbf70f519211b5ccb68dd96893f5f6b85e67ca6846e367313d47735401,241535,"""6a96f3b5-3af7f""","Tue, 01 Sep 2026 15:48:05 GMT",5,9839,True,True,2026-09-21T01:30:27+00:00,pdfplumber,21,0,Enforcement Action Bulletin: December 2020,12,2020,False,True,True,
2021-01,1,2021,https://www.nyc.gov/assets/buildings/pdf/0121_enforcement_action_bulletin.pdf,2026-09-20,2026-09-20,data/raw/dob_bulletins/2021/01.pdf,True,2026-09-20T19:30:00+00:00,d8ee3a0274d2d2a4398a8fb42f156a898e7068388d3168ce289b6efb2fdf61dc,175079,"""6a96f3ac-2abe7""","Tue, 01 Sep 2026 15:47:56 GMT",6,12268,True,True,2026-09-21T01:30:27+00:00,pdfplumber,28,0,Enforcement Action Bulletin: January 2020,1,2020,True,True,True,
2021-02,2,2021,https://www.nyc.gov/assets/buildings/pdf/0221_enforcement_action_bulletin.pdf,2026-09-20,2026-09-20,data/raw/dob_bulletins/2021/02.pdf,True,2026-09-20T19:30:00+00:00,23b2583d5bf43bf848eb34ed10db0d4cdf8b398248b3b6c7b6260550784ec83d,217893,"""6a96f3ad-35325""","Tue, 01 Sep 2026 15:47:57 GMT",6,12086,True,True,2026-09-21T01:30:27+00:00,pdfplumber,28,0,Enforcement Action Bulletin: February 2021,2,2021,False,True,True,
2021-03,3,2021,https://www.nyc.gov/assets/buildings/pdf/0321_enforcement_action_bulletin.pdf,2026-09-20,2026-09-20,data/raw/dob_bulletins/2021/03.pdf,True,2026-09-20T19:30:01+00:00,b780267a56e736c9a5ee6fa35a71ce0e0c104d215526f72a7ac8d50e5fcd5556,360941,"""6a96f3ad-581ed""","Tue, 01 Sep 2026 15:47:57 GMT",7,10949,True,True,2026-09-21T01:30:27+00:00,pdfplumber,24,0,Enforcement Action Bulletin: March 2021,3,2021,False,True,True,
2021-04,4,2021,https://www.nyc.gov/assets/buildings/pdf/0421_enforcement_action_bulletin.pdf,2026-09-20,2026-09-20,data/raw/dob_bulletins/2021/04.pdf,True,2026-09-20T19:30:01+00:00,d5213674deb653c4eea47ebbf573587d585364eb72e0f687634904d9b2a4cfb4,223958,"""6a96f3ae-36ad6""","Tue, 01 Sep 2026 15:47:58 GMT",8,15591,True,True,2026-09-21T01:30:27+00:00,pdfplumber,30,0,Enforcement Action Bulletin: April 2021,4,2021,False,True,True,
2021-05,5,2021,https://www.nyc.gov/assets/buildings/pdf/0521_enforcement_action_bulletin.pdf,2026-09-20,2026-09-20,data/raw/dob_bulletins/2021/05.pdf,True,2026-09-20T19:30:02+00:00,c5dbfdff54187ab4cac29edc99903bb1ebe7a700e527b8cdca6de869719c12a0,381483,"""6a96f3af-5d22b""","Tue, 01 Sep 2026 15:47:59 GMT",8,14551,True,True,2026-09-21T01:30:27+00:00,pdfplumber,29,1,Enforcement Action Bulletin: May 2021,5,2021,False,True,True,
2021-06,6,2021,https://www.nyc.gov/assets/buildings/pdf/0621_enforcement_action_bulletin.pdf,2026-09-20,2026-09-20,data/raw/dob_bulletins/2021/06.pdf,True,2026-09-20T19:30:03+00:00,8332edcb712a8ff4c24cbe17ae574a5fc11d931d10f3b1a7c93962ad694310d5,487778,"""6a96f3b0-77162""","Tue, 01 Sep 2026 15:48:00 GMT",9,14330,True,True,2026-09-21T01:30:27+00:00,pdfplumber,29,1,Enforcement Action Bulletin: June 2021,6,2021,False,True,True,
2021-07,7,2021,https://www.nyc.gov/assets/buildings/pdf/0721_enforcement_action_bulletin.pdf,2026-09-20,2026-09-20,data/raw/dob_bulletins/2021/07.pdf,True,2026-09-20T19:30:03+00:00,450d4b306fa2dff34f081acbe9bb0846fa39eb19e21efbccf13733d032f02173,238257,"""6a96f3b0-3a2b1""","Tue, 01 Sep 2026 15:48:00 GMT",7,14400,True,True,2026-09-21T01:30:27+00:00,pdfplumber,31,1,Enforcement Action Bulletin: July 2021,7,2021,False,True,True,
2021-08,8,2021,https://www.nyc.gov/assets/buildings/pdf/0821_enforcement_action_bulletin.pdf,2026-09-20,2026-09-20,data/raw/dob_bulletins/2021/08.pdf,True,2026-09-20T19:30:04+00:00,3ceca21282735c53b10a4a66f3374b504279cd6ebf0efd2c7e4e8457308a9d42,912525,"""6a96f3b1-dec8d""","Tue, 01 Sep 2026 15:48:01 GMT",10,14801,True,True,2026-09-21T01:30:27+00:00,pdfplumber,33,2,Enforcement Action Bulletin: August 2021,8,2021,False,True,True,
2021-09,9,2021,https://www.nyc.gov/assets/buildings/pdf/0921_enforcement_action_bulletin.pdf,2026-09-20,2026-09-20,data/raw/dob_bulletins/2021/09.pdf,True,2026-09-20T19:30:05+00:00,61fb93b781d9149f230b3af0d76c1fd2b8e5a3d1607073b87758048656aa4aad,864747,"""6a96f3b2-d31eb""","Tue, 01 Sep 2026 15:48:02 GMT",8,15248,True,True,2026-09-21T01:30:27+00:00,pdfplumber,27,1,Enforcement Action Bulletin: September 2021,9,2021,False,True,True,
2021-10,10,2021,https://www.nyc.gov/assets/buildings/pdf/1021_enforcement_action_bulletin.pdf,2026-09-20,2026-09-20,data/raw/dob_bulletins/2021/10.pdf,True,2026-09-20T19:30:05+00:00,8dcd3c80059f391badcbaf3a928ad503b11a54ab820dff3362e3d82e1e1c48c5,769735,"""6a96f3b3-bbec7""","Tue, 01 Sep 2026 15:48:03 GMT",7,12314,True,True,2026-09-21T01:30:27+00:00,pdfplumber,24,0,Enforcement Action Bulletin: October 2021,10,2021,False,True,True,
2021-11,11,2021,https://www.nyc.gov/assets/buildings/pdf/1121_enforcement_action_bulletin.pdf,2026-09-20,2026-09-20,data/raw/dob_bulletins/2021/11.pdf,True,2026-09-20T19:30:06+00:00,40f9798d60d3821b8840f47c3d3f8c91e95cff7833f7194f0f45dbaad9d79f17,314264,"""6a96f3b4-4cb98""","Tue, 01 Sep 2026 15:48:04 GMT",7,10781,True,True,2026-09-21T01:30:27+00:00,pdfplumber,23,1,Enforcement Action Bulletin: November 2021,11,2021,False,True,True,
2021-12,12,2021,https://www.nyc.gov/assets/buildings/pdf/1221_enforcement_action_bulletin.pdf,2026-09-20,2026-09-20,data/raw/dob_bulletins/2021/12.pdf,True,2026-09-20T19:30:06+00:00,ee5bf28d12a5985ff59dc81de63eb710e7f27f327c120bc5b0c6145676deeca8,822764,"""6a96f3b5-c8dec""","Tue, 01 Sep 2026 15:48:05 GMT",6,10598,True,True,2026-09-21T01:30:27+00:00,pdfplumber,22,0,Enforcement Action Bulletin: December 2021,12,2021,False,True,True,
2022-01,1,2022,https://www.nyc.gov/assets/buildings/pdf/0122_enforcement_action_bulletin.pdf,2026-09-20,2026-09-20,data/raw/dob_bulletins/2022/01.pdf,True,2026-09-20T19:30:07+00:00,29c6769e5244072f2ac8124cc97c51f8e30c95188009fd6ad7ce75af5871d31b,309838,"""6a96f3ac-4ba4e""","Tue, 01 Sep 2026 15:47:56 GMT",8,15178,True,True,2026-09-21T01:30:27+00:00,pdfplumber,28,1,Enforcement Action Bulletin: January 2022,1,2022,False,True,True,
2022-02,2,2022,https://www.nyc.gov/assets/buildings/pdf/0222_enforcement_action_bulletin.pdf,2026-09-20,2026-09-20,data/raw/dob_bulletins/2022/02.pdf,True,2026-09-20T19:30:08+00:00,2a540f5550ce7332fc7d86e1e0fc115ba8d26fe93bdc83ea8d2090cf2216a8b1,512414,"""6a96f3ad-7d19e""","Tue, 01 Sep 2026 15:47:57 GMT",8,13798,True,True,2026-09-21T01:30:27+00:00,pdfplumber,27,1,Enforcement Action Bulletin: February 2022,2,2022,False,True,True,
2022-03,3,2022,https://www.nyc.gov/assets/buildings/pdf/0322_enforcement_action_bulletin.pdf,2026-09-20,2026-09-20,data/raw/dob_bulletins/2022/03.pdf,True,2026-09-20T19:30:08+00:00,fdef3cc5f7ddc56421a8b46d628e37b10f51d436cfca3205a1e13846c6890d20,1094591,"""6a96f3ad-10b3bf""","Tue, 01 Sep 2026 15:47:57 GMT",10,14314,True,True,2026-09-21T01:30:27+00:00,pdfplumber,34,2,Enforcement Action Bulletin: March 2022,3,2022,False,True,True,
2022-04,4,2022,https://www.nyc.gov/assets/buildings/pdf/0422_enforcement_action_bulletin.pdf,2026-09-20,2026-09-20,data/raw/dob_bulletins/2022/04.pdf,True,2026-09-20T19:30:09+00:00,a82cb1a8f79b67c045e4c49070097466d9c5d91150498441e9463b1bfc68a579,500203,"""6a96f3ae-7a1eb""","Tue, 01 Sep 2026 15:47:58 GMT",9,9640,True,True,2026-09-21T01:30:27+00:00,pdfplumber,25,0,Enforcement Action Bulletin: April 2022,4,2022,False,True,True,
2022-05,5,2022,https://www.nyc.gov/assets/buildings/pdf/0522_enforcement_action_bulletin.pdf,2026-09-20,2026-09-20,data/raw/dob_bulletins/2022/05.pdf,True,2026-09-20T19:30:10+00:00,13703050033c1a1d5c94887de3992115c85d0721f830ed6aaf0b416ad12d355f,282407,"""6a96f3af-44f27""","Tue, 01 Sep 2026 15:47:59 GMT",7,11484,True,True,2026-09-21T01:30:27+00:00,pdfplumber,27,0,Enforcement Action Bulletin: May 2022,5,2022,False,True,True,
2022-06,6,2022,https://www.nyc.gov/assets/buildings/pdf/0622_enforcement_action_bulletin.pdf,2026-09-20,2026-09-20,data/raw/dob_bulletins/2022/06.pdf,True,2026-09-20T19:30:11+00:00,dd71c91922d350a76d0347d1187318679270f64d9e05df0c46111bbdc6317281,354150,"""6a96f3b0-56766""","Tue, 01 Sep 2026 15:48:00 GMT",8,12773,True,True,2026-09-21T01:30:27+00:00,pdfplumber,32,3,Enforcement Action Bulletin: June 2022,6,2022,False,True,True,
2022-07,7,2022,https://www.nyc.gov/assets/buildings/pdf/0722_enforcement_action_bulletin.pdf,2026-09-20,2026-09-20,data/raw/dob_bulletins/2022/07.pdf,True,2026-09-20T19:30:11+00:00,cfecba07ed8525531041315579dfde45f3d007d6edf8138c08aa3dce17df368f,566627,"""6a96f3b0-8a563""","Tue, 01 Sep 2026 15:48:00 GMT",7,11821,True,True,2026-09-21T01:30:27+00:00,pdfplumber,23,2,Enforcement Action Bulletin: July 2022,7,2022,False,True,True,
2022-08,8,2022,https://www.nyc.gov/assets/buildings/pdf/0822_enforcement_action_bulletin.pdf,2026-09-20,2026-09-20,data/raw/dob_bulletins/2022/08.pdf,True,2026-09-20T19:30:12+00:00,3a5ecda0302eef494e5787bea861e390014b3e0ecf9d28ed49c55432b846c624,552148,"""6a96f3b1-86cd4""","Tue, 01 Sep 2026 15:48:01 GMT",5,8109,True,True,2026-09-21T01:30:27+00:00,pdfplumber,16,1,Enforcement Action Bulletin: August 2022,8,2022,False,True,True,
2022-09,9,2022,https://www.nyc.gov/assets/buildings/pdf/0922_enforcement_action_bulletin.pdf,2026-09-20,2026-09-20,data/raw/dob_bulletins/2022/09.pdf,True,2026-09-20T19:30:12+00:00,42b9807de12454ce4e2cd831511f6c321bf0e06bba4fe4d5764b45c6d46bffbc,959109,"""6a96f3b2-ea285""","Tue, 01 Sep 2026 15:48:02 GMT",7,12730,True,True,2026-09-21T01:30:27+00:00,pdfplumber,26,3,Enforcement Action Bulletin: September 2022,9,2022,False,True,True,
2022-10,10,2022,https://www.nyc.gov/assets/buildings/pdf/1022_enforcement_action_bulletin.pdf,2026-09-20,2026-09-20,data/raw/dob_bulletins/2022/10.pdf,True,2026-09-20T19:30:13+00:00,822b1951c494d0e7120ee5afaba5e33ca1e066c0f2b9881d5ef05a5406bd2bb4,1613212,"""6a96f3b3-189d9c""","Tue, 01 Sep 2026 15:48:03 GMT",9,12588,True,True,2026-09-21T01:30:27+00:00,pdfplumber,33,2,Enforcement Action Bulletin: October 2022,10,2022,False,True,True,
2022-11,11,2022,https://www.nyc.gov/assets/buildings/pdf/1122_enforcement_action_bulletin.pdf,2026-09-20,2026-09-20,data/raw/dob_bulletins/2022/11.pdf,True,2026-09-20T19:30:14+00:00,9e2760e3b6eec5e04c755b36ce62615954278b828aa8cf12651c61b034375116,1281507,"""6a96f3b4-138de3""","Tue, 01 Sep 2026 15:48:04 GMT",12,14749,True,True,2026-09-21T01:30:27+00:00,pdfplumber,41,1,Enforcement Action Bulletin: November 2022,11,2022,False,True,True,
2022-12,12,2022,https://www.nyc.gov/assets/buildings/pdf/1222_enforcement_action_bulletin.pdf,2026-09-20,2026-09-20,data/raw/dob_bulletins/2022/12.pdf,True,2026-09-20T19:30:14+00:00,1b8c56a7d9147c220e1112cb3db840f6bae57ca86f310afc5f099dd688a1c0da,1267077,"""6a96f3b5-135585""","Tue, 01 Sep 2026 15:48:05 GMT",13,13769,True,True,2026-09-21T01:30:27+00:00,pdfplumber,38,1,Enforcement Action Bulletin: December 2022,12,2022,False,True,True,
2023-01,1,2023,https://www.nyc.gov/assets/buildings/pdf/0123_enforcement_action_bulletin.pdf,2026-09-20,2026-09-20,data/raw/dob_bulletins/2023/01.pdf,True,2026-09-20T19:30:15+00:00,38da560ff68d73e1ea27cf71c70a23f2011757a4c5a319c2e5869b94a6fb823f,849360,"""6a96f3ac-cf5d0""","Tue, 01 Sep 2026 15:47:56 GMT",6,11653,True,True,2026-09-21T01:30:27+00:00,pdfplumber,27,2,Enforcement Action Bulletin: January 2023,1,2023,False,True,True,
2023-02,2,2023,https://www.nyc.gov/assets/buildings/pdf/0223_enforcement_action_bulletin.pdf,2026-09-20,2026-09-20,data/raw/dob_bulletins/2023/02.pdf,True,2026-09-20T19:30:16+00:00,a9498660b7ebecbf0978e406b7443776d07c6adbaba73ceb726c2804b2c00da5,658297,"""6a96f3ad-a0b79""","Tue, 01 Sep 2026 15:47:57 GMT",7,11642,True,True,2026-09-21T01:30:27+00:00,pdfplumber,31,2,Enforcement Action Bulletin: February 2023,2,2023,False,True,True,
2023-03,3,2023,https://www.nyc.gov/assets/buildings/pdf/0323_enforcement_action_bulletin.pdf,2026-09-20,2026-09-20,data/raw/dob_bulletins/2023/03.pdf,True,2026-09-20T19:30:17+00:00,34be3c06aeff12125e0578b80823712fe645f5afe1758d6efabc2867f021395d,930631,"""6a96f3ae-e3347""","Tue, 01 Sep 2026 15:47:58 GMT",9,11469,True,True,2026-09-21T01:30:27+00:00,pdfplumber,32,1,Enforcement Action Bulletin: March 2023,3,2023,False,True,True,
2023-04,4,2023,https://www.nyc.gov/assets/buildings/pdf/0423_enforcement_action_bulletin.pdf,2026-09-20,2026-09-20,data/raw/dob_bulletins/2023/04.pdf,True,2026-09-20T19:30:17+00:00,5d356a7478bbb5e03fe9373c461e0da2283a1ecbc9c8ea6e7c1bf59c785f4d10,695899,"""6a96f3ae-a9e5b""","Tue, 01 Sep 2026 15:47:58 GMT",6,10923,True,True,2026-09-21T01:30:27+00:00,pdfplumber,25,0,Enforcement Action Bulletin: April 2023,4,2023,False,True,True,
2023-05,5,2023,https://www.nyc.gov/assets/buildings/pdf/0523_enforcement_action_bulletin.pdf,2026-09-20,2026-09-20,data/raw/dob_bulletins/2023/05.pdf,True,2026-09-20T19:30:18+00:00,3f6a8e2ee09dee59f7a5b15c5dbd64df5d3da9e5a427c70550dfdfcff930909f,444895,"""6a96f3af-6c9df""","Tue, 01 Sep 2026 15:47:59 GMT",5,10836,True,True,2026-09-21T01:30:27+00:00,pdfplumber,28,1,Enforcement Action Bulletin: May 2023,5,2023,False,True,True,
2023-06,6,2023,https://www.nyc.gov/assets/buildings/pdf/0623_enforcement_action_bulletin.pdf,2026-09-20,2026-09-20,data/raw/dob_bulletins/2023/06.pdf,True,2026-09-20T19:30:19+00:00,8101f0597bcbf15c5747a7bc4756051ee0881a73f65ac5b9948367076594a8ec,774326,"""6a96f3b0-bd0b6""","Tue, 01 Sep 2026 15:48:00 GMT",7,12810,True,True,2026-09-21T01:30:27+00:00,pdfplumber,38,3,Enforcement Action Bulletin: June 2023,6,2023,False,True,True,
2023-07,7,2023,https://www.nyc.gov/assets/buildings/pdf/0723_enforcement_action_bulletin.pdf,2026-09-20,2026-09-20,data/raw/dob_bulletins/2023/07.pdf,True,2026-09-20T19:30:19+00:00,60a0eee1031fca4c49c57c241ed33db9285391c98f7a98caec7c212a48a734f3,848886,"""6a96f3b0-cf3f6""","Tue, 01 Sep 2026 15:48:00 GMT",6,11962,True,True,2026-09-21T01:30:27+00:00,pdfplumber,35,1,Enforcement Action Bulletin: July 2023,7,2023,False,True,True,
2023-08,8,2023,https://www.nyc.gov/assets/buildings/pdf/0823_enforcement_action_bulletin.pdf,2026-09-20,2026-09-20,data/raw/dob_bulletins/2023/08.pdf,True,2026-09-20T19:30:20+00:00,2adbc7a7270650ae98be837236b3144491e55b439220b107c9c3851848c5460e,617680,"""6a96f3b1-96cd0""","Tue, 01 Sep 2026 15:48:01 GMT",5,11752,True,True,2026-09-21T01:30:27+00:00,pdfplumber,40,2,Enforcement Action Bulletin: August 2023,8,2023,False,True,True,
2023-09,9,2023,https://www.nyc.gov/assets/buildings/pdf/0923_enforcement_action_bulletin.pdf,2026-09-20,2026-09-20,data/raw/dob_bulletins/2023/09.pdf,True,2026-09-20T19:30:21+00:00,c4fd778cb5882d39acc4b2bfbef9424b839b355ae74bb11a608debf0bb022f82,493467,"""6a96f3b2-7879b""","Tue, 01 Sep 2026 15:48:02 GMT",8,15512,True,True,2026-09-21T01:30:27+00:00,pdfplumber,45,0,Enforcement Action Bulletin: September 2023,9,2023,False,True,True,
2023-10,10,2023,https://www.nyc.gov/assets/buildings/pdf/1023_enforcement_action_bulletin.pdf,2026-09-20,2026-09-20,data/raw/dob_bulletins/2023/10.pdf,True,2026-09-20T19:30:21+00:00,2fd7a6b6a34c76edafaa98e46cd84eb52256afb98aa991bd3191735452102d7c,185514,"""6a96f3b3-2d4aa""","Tue, 01 Sep 2026 15:48:03 GMT",4,9175,True,True,2026-09-21T01:30:27+00:00,pdfplumber,22,0,Enforcement Action Bulletin: October 2023,10,2023,False,True,True,
2023-11,11,2023,https://www.nyc.gov/assets/buildings/pdf/1123_enforcement_action_bulletin.pdf,2026-09-20,2026-09-20,data/raw/dob_bulletins/2023/11.pdf,True,2026-09-20T19:30:22+00:00,575ba57ee219cbd8e3b721556bcae67ba7db1172ff1883b1417048bcd99dafc8,309795,"""6a96f3b4-4ba23""","Tue, 01 Sep 2026 15:48:04 GMT",7,13628,True,True,2026-09-21T01:30:27+00:00,pdfplumber,32,2,Enforcement Action Bulletin: November 2023,11,2023,False,True,True,
2023-12,12,2023,https://www.nyc.gov/assets/buildings/pdf/1223_enforcement_action_bulletin.pdf,2026-09-20,2026-09-20,data/raw/dob_bulletins/2023/12.pdf,True,2026-09-20T19:30:22+00:00,14f0b52593fc13f128d1a0a2aa65ad408f26666a07b9ad1cc280422d9a85409a,768524,"""6a96f3b5-bba0c""","Tue, 01 Sep 2026 15:48:05 GMT",7,12558,True,True,2026-09-21T01:30:27+00:00,pdfplumber,35,1,Enforcement Action Bulletin: December 2023,12,2023,False,True,True,
2024-01,1,2024,https://www.nyc.gov/assets/buildings/pdf/0124_enforcement_action_bulletin.pdf,2026-09-20,2026-09-20,data/raw/dob_bulletins/2024/01.pdf,True,2026-09-20T19:30:23+00:00,3a5a4bd7f49b62ad031cf38a884775621a3933762825459c90ecc08ff3f0a570,741231,"""6a96f3ac-b4f6f""","Tue, 01 Sep 2026 15:47:56 GMT",7,11514,True,True,2026-09-21T01:30:27+00:00,pdfplumber,31,1,Enforcement Action Bulletin: January 2024,1,2024,False,True,True,
2024-02,2,2024,https://www.nyc.gov/assets/buildings/pdf/0224_enforcement_action_bulletin.pdf,2026-09-20,2026-09-20,data/raw/dob_bulletins/2024/02.pdf,True,2026-09-20T19:30:24+00:00,915de389ea3d6fd7f4e4e5df854008ce847ddf94692bf53851426cbf264e5a86,892934,"""6a96f3ad-da006""","Tue, 01 Sep 2026 15:47:57 GMT",8,15000,True,True,2026-09-21T01:30:27+00:00,pdfplumber,42,1,Enforcement Action Bulletin: February 2024,2,2024,False,True,True,
2024-03,3,2024,https://www.nyc.gov/assets/buildings/pdf/0324_enforcement_action_bulletin.pdf,2026-09-20,2026-09-20,data/raw/dob_bulletins/2024/03.pdf,True,2026-09-20T19:30:24+00:00,9e23df2814d00d4ba5f72f6af211c9c15a799196fef09d66ce516263e7baee11,1060719,"""6a96f3ae-102f6f""","Tue, 01 Sep 2026 15:47:58 GMT",8,10841,True,True,2026-09-21T01:30:27+00:00,pdfplumber,33,1,Enforcement Action Bulletin: March 2024,3,2024,False,True,True,
2024-04,4,2024,https://www.nyc.gov/assets/buildings/pdf/0424_enforcement_action_bulletin.pdf,2026-09-20,2026-09-20,data/raw/dob_bulletins/2024/04.pdf,True,2026-09-20T19:30:25+00:00,4f32727bfd7b96731a6692004077d8468e8aab8d2a2dc1fd60b22123e02cb06d,1707245,"""6a96f3ae-1a0ced""","Tue, 01 Sep 2026 15:47:58 GMT",10,12321,True,True,2026-09-21T01:30:27+00:00,pdfplumber,38,1,Enforcement Action Bulletin: April 2024,4,2024,False,True,True,
2024-05,5,2024,https://www.nyc.gov/assets/buildings/pdf/0524_enforcement_action_bulletin.pdf,2026-09-20,2026-09-20,data/raw/dob_bulletins/2024/05.pdf,True,2026-09-20T19:30:26+00:00,5771a4e6f2631949784c899aef6ec9664d3a2266b413613492a8bc1c429f8490,1659373,"""6a96f3af-1951ed""","Tue, 01 Sep 2026 15:47:59 GMT",7,9227,True,True,2026-09-21T01:30:27+00:00,pdfplumber,26,0,Enforcement Action Bulletin: May 2024,5,2024,False,True,True,
2024-08,8,2024,https://www.nyc.gov/assets/buildings/pdf/0824_enforcement_action_bulletin.pdf,2026-09-20,2026-09-20,data/raw/dob_bulletins/2024/08.pdf,True,2026-09-20T19:30:27+00:00,a50e28331af420b65d5e8d9c8ad134197cae36494c75de033bb87dbbe74377d2,740339,"""6a96f3b1-b4bf3""","Tue, 01 Sep 2026 15:48:01 GMT",5,8838,True,True,2026-09-21T01:30:27+00:00,pdfplumber,23,2,Enforcement Action Bulletin: August 2024,8,2024,False,True,True,
2024-09,9,2024,https://www.nyc.gov/assets/buildings/pdf/0924_enforcement_action_bulletin.pdf,2026-09-20,2026-09-20,data/raw/dob_bulletins/2024/09.pdf,True,2026-09-20T19:30:28+00:00,a7de4a3383ff34fc5038ab2ed370ba1e77b1e1f320a97e5cef73ecf9d4615ff8,1800594,"""6a96f3b2-1b7992""","Tue, 01 Sep 2026 15:48:02 GMT",8,10176,True,True,2026-09-21T01:30:27+00:00,pdfplumber,27,1,Enforcement Action Bulletin: September 2024,9,2024,False,True,True,
2024-10,10,2024,https://www.nyc.gov/assets/buildings/pdf/1024_enforcement_action_bulletin.pdf,2026-09-20,2026-09-20,data/raw/dob_bulletins/2024/10.pdf,True,2026-09-20T19:30:28+00:00,5eed1bd880a9df138bc0df225c3278f9a4e5dec04eddf4bdfd6664af6cca1064,888164,"""6a96f3b3-d8d64""","Tue, 01 Sep 2026 15:48:03 GMT",9,11670,True,True,2026-09-21T01:30:27+00:00,pdfplumber,32,0,Enforcement Action Bulletin: October 2024,10,2024,False,True,True,
2024-11,11,2024,https://www.nyc.gov/assets/buildings/pdf/1124_enforcement_action_bulletin.pdf,2026-09-20,2026-09-20,data/raw/dob_bulletins/2024/11.pdf,True,2026-09-20T19:30:29+00:00,dc6e222e3a36bd5ea74271016d2c87a883b689bc0fbd2e4250057e36ea9b59a9,1306328,"""6a96f3b4-13eed8""","Tue, 01 Sep 2026 15:48:04 GMT",8,11756,True,True,2026-09-21T01:30:27+00:00,pdfplumber,32,0,Enforcement Action Bulletin: November 2024,11,2024,False,True,True,
2024-12,12,2024,https://www.nyc.gov/assets/buildings/pdf/1224_enforcement_action_bulletin.pdf,2026-09-20,2026-09-20,data/raw/dob_bulletins/2024/12.pdf,True,2026-09-20T19:30:30+00:00,41592629864f62004595e2849be9cc6f05b60020a2f6c2dbcb40f2b76299acb3,1096145,"""6a96f3b5-10b9d1""","Tue, 01 Sep 2026 15:48:05 GMT",10,15338,True,True,2026-09-21T01:30:27+00:00,pdfplumber,33,1,Enforcement Action Bulletin: December 2024,12,2024,False,True,True,
2025-01,1,2025,https://www.nyc.gov/assets/buildings/pdf/0125_enforcement_action_bulletin.pdf,2026-09-20,2026-09-20,data/raw/dob_bulletins/2025/01.pdf,True,2026-09-20T19:30:30+00:00,857c2408b8a320dc897c2765bed527df021ac181bcdbb9a84fab2bf5f4c77e5e,1388199,"""6a96f3ac-152ea7""","Tue, 01 Sep 2026 15:47:56 GMT",11,16373,True,True,2026-09-21T01:30:27+00:00,pdfplumber,35,0,Enforcement Action Bulletin: January 2025,1,2025,False,True,True,
2025-02,2,2025,https://www.nyc.gov/assets/buildings/pdf/0225_enforcement_action_bulletin.pdf,2026-09-20,2026-09-20,data/raw/dob_bulletins/2025/02.pdf,True,2026-09-20T19:30:31+00:00,81f06076523f94b237dab7fc6364c2e97d8026a587643607fe33851d1f6973a6,1462105,"""6a96f3ad-164f59""","Tue, 01 Sep 2026 15:47:57 GMT",8,7808,True,True,2026-09-21T01:30:27+00:00,pdfplumber,22,0,Enforcement Action Bulletin: February 2025,2,2025,False,True,True,
2025-03,3,2025,https://www.nyc.gov/assets/buildings/pdf/0325_enforcement_action_bulletin.pdf,2026-09-20,2026-09-20,data/raw/dob_bulletins/2025/03.pdf,True,2026-09-20T19:30:32+00:00,4565c3714c39f360ada48a5441818dca4a2628b15d421678cda4874f8267f5ef,1708358,"""6a96f3ae-1a1146""","Tue, 01 Sep 2026 15:47:58 GMT",9,10241,True,True,2026-09-21T01:30:27+00:00,pdfplumber,24,1,Enforcement Action Bulletin: March 2025,3,2025,False,True,True,
2025-04,4,2025,https://www.nyc.gov/assets/buildings/pdf/0425_enforcement_action_bulletin.pdf,2026-09-20,2026-09-20,data/raw/dob_bulletins/2025/04.pdf,True,2026-09-20T19:30:32+00:00,2c6f8c2d77ac5ab874d8bdcaf7a65042b470beeb42fa66652c0192f29c872cc4,1854385,"""6a96f3ae-1c4bb1""","Tue, 01 Sep 2026 15:47:58 GMT",9,12494,True,True,2026-09-21T01:30:27+00:00,pdfplumber,28,0,Enforcement Action Bulletin: April 2025,4,2025,False,True,True,
2025-05,5,2025,https://www.nyc.gov/assets/buildings/pdf/0525_enforcement_action_bulletin.pdf,2026-09-20,2026-09-20,data/raw/dob_bulletins/2025/05.pdf,True,2026-09-20T19:30:33+00:00,d77cca100bb00665b855689779317331398d2ec77264851c86d663bc5f52193e,1288285,"""6a96f3af-13a85d""","Tue, 01 Sep 2026 15:47:59 GMT",8,9322,True,True,2026-09-21T01:30:27+00:00,pdfplumber,23,0,Enforcement Action Bulletin: May 2025,5,2025,False,True,True,
2025-06,6,2025,https://www.nyc.gov/assets/buildings/pdf/0625_enforcement_action_bulletin.pdf,2026-09-20,2026-09-20,data/raw/dob_bulletins/2025/06.pdf,True,2026-09-20T19:30:34+00:00,0fb63ced12b814f5737a2b1db77b128907f07f3e469ade47c8cff0e17548ed49,1476156,"""6a96f3b0-16863c""","Tue, 01 Sep 2026 15:48:00 GMT",9,14316,True,True,2026-09-21T01:30:27+00:00,pdfplumber,29,0,Enforcement Action Bulletin: June 2025,6,2025,False,True,True,
2025-07,7,2025,https://www.nyc.gov/assets/buildings/pdf/0725_enforcement_action_bulletin.pdf,2026-09-20,2026-09-20,data/raw/dob_bulletins/2025/07.pdf,True,2026-09-20T19:30:35+00:00,7c430afdf47a9c49e1e4df4eee67ea7f0bdf45c79d36b478be9bbcc0dbdcafdd,1467458,"""6a96f3b1-166442""","Tue, 01 Sep 2026 15:48:01 GMT",8,8681,True,True,2026-09-21T01:30:27+00:00,pdfplumber,22,0,Enforcement Action Bulletin: July 2025,7,2025,False,True,True,
2025-08,8,2025,https://www.nyc.gov/assets/buildings/pdf/0825_enforcement_action_bulletin.pdf,2026-09-20,2026-09-20,data/raw/dob_bulletins/2025/08.pdf,True,2026-09-20T19:30:35+00:00,9f182492b6c4af08a686f5f99c1ba78c6aebbae391376bfbeaba896476450f5c,1472152,"""6a96f3b1-167698""","Tue, 01 Sep 2026 15:48:01 GMT",10,13947,True,True,2026-09-21T01:30:27+00:00,pdfplumber,30,0,Enforcement Action Bulletin: August 2025,8,2025,False,True,True,
2025-09,9,2025,https://www.nyc.gov/assets/buildings/pdf/0925_enforcement_action_bulletin.pdf,2026-09-20,2026-09-20,data/raw/dob_bulletins/2025/09.pdf,True,2026-09-20T19:30:36+00:00,70a7acadb7f2f4bce8b2a1ef11b7cc353570f2a33db97b54ae1b1a214d8b03c2,1425975,"""6a96f3b3-15c237""","Tue, 01 Sep 2026 15:48:03 GMT",7,8806,True,True,2026-09-21T01:30:27+00:00,pdfplumber,21,0,Enforcement Action Bulletin: September 2025,9,2025,False,True,True,
2025-10,10,2025,https://www.nyc.gov/assets/buildings/pdf/1025_enforcement_action_bulletin.pdf,2026-09-20,2026-09-20,data/raw/dob_bulletins/2025/10.pdf,True,2026-09-20T19:30:37+00:00,27f45085d1cc1fa1dd69c84a8d7f9c534501cdcf13451ba49c31d810059c3ecf,1876131,"""6a96f3b3-1ca0a3""","Tue, 01 Sep 2026 15:48:03 GMT",8,7798,True,True,2026-09-21T01:30:27+00:00,pdfplumber,18,0,Enforcement Action Bulletin: October 2025,10,2025,False,True,True,
2025-11,11,2025,https://www.nyc.gov/assets/buildings/pdf/1125_enforcement_action_bulletin.pdf,2026-09-20,2026-09-20,data/raw/dob_bulletins/2025/11.pdf,True,2026-09-20T19:30:38+00:00,9250fc1017a901066caf6d1837c2eb07698d1b12c9178f402df4b6f55394a19d,1991546,"""6aa816a6-1e637a""","Mon, 14 Sep 2026 15:45:42 GMT",10,10835,True,True,2026-09-21T01:30:27+00:00,pdfplumber,26,0,Enforcement Action Bulletin: November 2025,11,2025,False,True,True,
2026-01,1,2026,https://www.nyc.gov/assets/buildings/pdf/0126_enforcement_action_bulletin.pdf,2026-09-20,2026-09-20,data/raw/dob_bulletins/2026/01.pdf,True,2026-09-20T19:30:39+00:00,5f94c68ce15dfb0f98a0c5e07f3a84d050e1b748a3088c75adb6b43bd7bdf91b,1316524,"""6aa816a6-1416ac""","Mon, 14 Sep 2026 15:45:42 GMT",6,9790,True,True,2026-09-21T01:30:27+00:00,pdfplumber,22,1,Enforcement Action Bulletin: January 2026,1,2026,False,True,True,
2026-02,2,2026,https://www.nyc.gov/assets/buildings/pdf/0226_enforcement_action_bulletin.pdf,2026-09-20,2026-09-20,data/raw/dob_bulletins/2026/02.pdf,True,2026-09-20T19:30:39+00:00,5e57c3a4b1ca12b57aa5a7c31089cb37b5473345c4d7e53547f15a4c7d4d6155,1692416,"""6aa816a6-19d300""","Mon, 14 Sep 2026 15:45:42 GMT",6,8371,True,True,2026-09-21T01:30:27+00:00,pdfplumber,17,0,Enforcement Action Bulletin: February 2026,2,2026,False,True,True,
2026-03,3,2026,https://www.nyc.gov/assets/buildings/pdf/0326_enforcement_action_bulletin.pdf,2026-09-20,2026-09-20,data/raw/dob_bulletins/2026/03.pdf,True,2026-09-20T19:30:40+00:00,857d660a959e910b53e98efd0eb674e4469dfe16f66690dcc1efd41eb2e9e52e,1322490,"""6aa816a6-142dfa""","Mon, 14 Sep 2026 15:45:42 GMT",8,10958,True,True,2026-09-21T01:30:27+00:00,pdfplumber,21,1,Enforcement Action Bulletin: March 2026,3,2026,False,True,True,
2026-04,4,2026,https://www.nyc.gov/assets/buildings/pdf/0426_enforcement_action_bulletin.pdf,2026-09-20,2026-09-20,data/raw/dob_bulletins/2026/04.pdf,True,2026-09-20T19:30:40+00:00,b936eb7dfd7cad89e3d5d5438aa8b87523d7d831276c3ee920d7c81ae7b5af99,1261615,"""6a96f3af-13402f""","Tue, 01 Sep 2026 15:47:59 GMT",7,10722,True,True,2026-09-21T01:30:27+00:00,pdfplumber,21,0,Enforcement Action Bulletin: April 2026,4,2026,False,True,True,
2026-05,5,2026,https://www.nyc.gov/assets/buildings/pdf/0526_enforcement_action_bulletin.pdf,2026-09-20,2026-09-20,data/raw/dob_bulletins/2026/05.pdf,True,2026-09-20T19:30:41+00:00,aefffc379c07f0b7ec60f72b53f5d6583668f0ff0c8eb45ba8713ce7a060383d,1587181,"""6aa816a6-1837ed""","Mon, 14 Sep 2026 15:45:42 GMT",8,9481,True,True,2026-09-21T01:30:27+00:00,pdfplumber,22,0,Enforcement Action Bulletin: May 2026,5,2026,False,True,True,
2026-06,6,2026,https://www.nyc.gov/assets/buildings/pdf/0626_enforcement_action_bulletin.pdf,2026-09-20,2026-09-20,data/raw/dob_bulletins/2026/06.pdf,True,2026-09-20T19:30:42+00:00,1229f736f0819d3723f07ceffc3c850f99625350bc1f1797b3438684c160a6c7,1711367,"""6aa816a6-1a1d07""","Mon, 14 Sep 2026 15:45:42 GMT",9,10801,True,True,2026-09-21T01:30:27+00:00,pdfplumber,25,0,Enforcement Action Bulletin: June 2026,6,2026,False,True,True,
2026-07,7,2026,https://www.nyc.gov/assets/buildings/pdf/0726_enforcement_action_bulletin.pdf,2026-09-20,2026-09-20,data/raw/dob_bulletins/2026/07.pdf,True,2026-09-20T20:02:04+00:00,4ab24fc4d547c1070bda83cba783d0ba4d1ef28e24dad1ec9af4bb270f0376b7,932624,"""6a96f3b1-e3b10""","Tue, 01 Sep 2026 15:48:01 GMT",7,11210,True,True,2026-09-21T01:30:27+00:00,pdfplumber,21,0,Enforcement Action Bulletin: July 2026,7,2026,False,True,True,
