audit_row,audit_address,audit_status_raw,audit_pdf_page,pops_id,match_candidates,match_status,match_method,match_confidence,needs_manual_review,comptroller_2017_inspected,comptroller_2017_compliant,comptroller_2017_findings,comptroller_2017_findings_source
1,101 Barclay Street,No,35,M010002,M010002,matched,address_exact,high,False,True,no,"[p.21] Zoning Resolution. By failing to perform pro-active inspections, DOB has allowed non-compliance to continue for years without consequence. The POPS location at 101 Barclay Street in Manhattan is one example of a POPS location where no signage or amenities are required but where public access has been denied and no complaints have been made to DOB. The photograph below shows that POPS location as closed to the public. The property owne || [p.22] ibited from further entry into the building’s lobby, notwithstanding the fact that it is a POPS location and so a public space. Privately Owned Public Space at 101 Barclay Street At the time of the auditors visit to the location on July 20, 2016, building security informed the auditors that this lobby has been closed to the public for at least 15 years and is only open to Bank of New York staff. Auditors were not allowed to take any f || [p.23] prominently posted on the door that stated that the lobby is private property and intended for use only by employees and invited guests. However, the owner of 101 Barclay Street in Manhattan received a permit allowing modification of height and setback regulations in the building in exchange for providing a public lobby. While the owner has failed to provide the required public lobby, DOB has not issued any violations. Without schedu","SR16-102A (2017-04-18), https://comptroller.nyc.gov/wp-content/uploads/documents/SR16_102A.pdf"
2,130 Liberty Street,Construction,35,M010003,M010003,matched,address_exact,high,False,True,construction,,"SR16-102A (2017-04-18), https://comptroller.nyc.gov/wp-content/uploads/documents/SR16_102A.pdf"
3,1 Liberty Plaza,No,35,M010004,M010004,matched,address_exact,high,False,True,no,,"SR16-102A (2017-04-18), https://comptroller.nyc.gov/wp-content/uploads/documents/SR16_102A.pdf"
4,140 Broadway,No,35,M010005,M010005,matched,address_exact,high,False,True,no,,"SR16-102A (2017-04-18), https://comptroller.nyc.gov/wp-content/uploads/documents/SR16_102A.pdf"
5,33 Maiden Lane,Yes,35,M010006,M010006,matched,address_exact,high,False,True,yes,,"SR16-102A (2017-04-18), https://comptroller.nyc.gov/wp-content/uploads/documents/SR16_102A.pdf"
6,100 William Street,No,35,M010007,M010007,matched,address_exact,high,False,True,no,,"SR16-102A (2017-04-18), https://comptroller.nyc.gov/wp-content/uploads/documents/SR16_102A.pdf"
7,200 Water Street,No,35,M010008,M010008,matched,address_exact,high,False,True,no,,"SR16-102A (2017-04-18), https://comptroller.nyc.gov/wp-content/uploads/documents/SR16_102A.pdf"
8,180 Water Street,Construction,35,M010009,M010009,matched,address_exact,high,False,True,construction,,"SR16-102A (2017-04-18), https://comptroller.nyc.gov/wp-content/uploads/documents/SR16_102A.pdf"
9,88 Pine Street,No,35,M010010,M010010,matched,address_exact,high,False,True,no,,"SR16-102A (2017-04-18), https://comptroller.nyc.gov/wp-content/uploads/documents/SR16_102A.pdf"
10,175 East 96th Street,No,35,M110001,M110001,matched,address_exact,high,False,True,no,"[p.12] ements. As an illustration of the types of violations we found, the following are three examples of non- complying conditions found at a single POPS located at 175 East 96th Street in Manhattan as seen in photographs taken on July 18, 2016. DOB officials agreed with our auditors that the conditions shown in these photos violated City regulations. Office of New York City Comptroller Scott M. Stringer SR16-102A 9 || [p.13] Privately Owned Public Space at 175 East 96th Street, Manhattan The POPS at 175 East 96th Street is a Residential Plaza intended for public use but as can be seen in the photo below, a Members Only sign has been posted on the site, which indicates that the area is not open to the public. As reflected in this ne || [p.13] Privately Owned Public Space at 175 East 96th Street, Manhattan The POPS at 175 East 96th Street is a Residential Plaza intended for public use but as can be seen in the photo below, a Members Only sign has been posted on the site, which indicates that the area is not open to the public. As reflected in this next photograph below, we also saw that variou","SR16-102A (2017-04-18), https://comptroller.nyc.gov/wp-content/uploads/documents/SR16_102A.pdf"
11,180 Maiden Lane,No,35,M010011,M010011,matched,address_exact,high,False,True,no,,"SR16-102A (2017-04-18), https://comptroller.nyc.gov/wp-content/uploads/documents/SR16_102A.pdf"
12,110 Wall Street,Construction,35,M010012,M010012,matched,address_exact,high,False,True,construction,,"SR16-102A (2017-04-18), https://comptroller.nyc.gov/wp-content/uploads/documents/SR16_102A.pdf"
13,100 Wall Street,No,35,M010013,M010013,matched,address_exact,high,False,True,no,,"SR16-102A (2017-04-18), https://comptroller.nyc.gov/wp-content/uploads/documents/SR16_102A.pdf"
14,95 Wall Street,Yes,35,M010014,M010014,matched,address_exact,high,False,True,yes,,"SR16-102A (2017-04-18), https://comptroller.nyc.gov/wp-content/uploads/documents/SR16_102A.pdf"
15,111 Wall Street,Yes,35,M010015,M010015,matched,address_exact,high,False,True,yes,,"SR16-102A (2017-04-18), https://comptroller.nyc.gov/wp-content/uploads/documents/SR16_102A.pdf"
16,77 Water Street,Yes,35,M010016,M010016,matched,address_exact,high,False,True,yes,,"SR16-102A (2017-04-18), https://comptroller.nyc.gov/wp-content/uploads/documents/SR16_102A.pdf"
17,86 Water Street,No,35,M010017,M010017,matched,address_exact,high,False,True,no,,"SR16-102A (2017-04-18), https://comptroller.nyc.gov/wp-content/uploads/documents/SR16_102A.pdf"
18,40 Broad Street,Construction,35,M010018,M010018,matched,address_exact,high,False,True,construction,,"SR16-102A (2017-04-18), https://comptroller.nyc.gov/wp-content/uploads/documents/SR16_102A.pdf"
19,55 Broad Street,No,35,M010019,M010019,matched,address_exact,high,False,True,no,,"SR16-102A (2017-04-18), https://comptroller.nyc.gov/wp-content/uploads/documents/SR16_102A.pdf"
20,55 Broadway,No,35,M010020,M010020,matched,address_exact,high,False,True,no,,"SR16-102A (2017-04-18), https://comptroller.nyc.gov/wp-content/uploads/documents/SR16_102A.pdf"
21,52 Broadway,No,35,M010021,M010021,matched,address_exact,high,False,True,no,,"SR16-102A (2017-04-18), https://comptroller.nyc.gov/wp-content/uploads/documents/SR16_102A.pdf"
22,45 Broadway,No,35,M010022,M010022,matched,address_exact,high,False,True,no,,"SR16-102A (2017-04-18), https://comptroller.nyc.gov/wp-content/uploads/documents/SR16_102A.pdf"
23,90 Washington Street,No,35,M010023,M010023,matched,address_exact,high,False,True,no,,"SR16-102A (2017-04-18), https://comptroller.nyc.gov/wp-content/uploads/documents/SR16_102A.pdf"
24,7 Hanover Square,No,35,M010024,M010024,matched,address_exact,high,False,True,no,,"SR16-102A (2017-04-18), https://comptroller.nyc.gov/wp-content/uploads/documents/SR16_102A.pdf"
25,55 Water Street,No,35,M010025,M010025,matched,address_exact,high,False,True,no,,"SR16-102A (2017-04-18), https://comptroller.nyc.gov/wp-content/uploads/documents/SR16_102A.pdf"
26,125 Broad Street,Yes,35,M010026,M010026,matched,address_exact,high,False,True,yes,,"SR16-102A (2017-04-18), https://comptroller.nyc.gov/wp-content/uploads/documents/SR16_102A.pdf"
27,115 Broad Street,No,35,M010027,M010027,matched,address_exact,high,False,True,no,,"SR16-102A (2017-04-18), https://comptroller.nyc.gov/wp-content/uploads/documents/SR16_102A.pdf"
28,85 Broad Street,No,35,M010028,M010028,matched,address_exact,high,False,True,no,,"SR16-102A (2017-04-18), https://comptroller.nyc.gov/wp-content/uploads/documents/SR16_102A.pdf"
29,1 New York Plaza,Construction,35,M010029,M010029,matched,address_exact,high,False,True,construction,,"SR16-102A (2017-04-18), https://comptroller.nyc.gov/wp-content/uploads/documents/SR16_102A.pdf"
30,1 State Street,Construction,35,M010030,M010030,matched,address_exact,high,False,True,construction,,"SR16-102A (2017-04-18), https://comptroller.nyc.gov/wp-content/uploads/documents/SR16_102A.pdf"
31,17 State Street,No,35,M010031,M010031,matched,address_exact,high,False,True,no,,"SR16-102A (2017-04-18), https://comptroller.nyc.gov/wp-content/uploads/documents/SR16_102A.pdf"
32,1 Battery Park Plaza,Yes,35,M010032,M010032,matched,address_exact,high,False,True,yes,,"SR16-102A (2017-04-18), https://comptroller.nyc.gov/wp-content/uploads/documents/SR16_102A.pdf"
33,160 Water Street,No,35,M010033,M010033,matched,address_exact,high,False,True,no,,"SR16-102A (2017-04-18), https://comptroller.nyc.gov/wp-content/uploads/documents/SR16_102A.pdf"
34,32 Old Slip,No,35,M010034,M010034,matched,address_exact,high,False,True,no,,"SR16-102A (2017-04-18), https://comptroller.nyc.gov/wp-content/uploads/documents/SR16_102A.pdf"
35,388 Greenwich Street,Construction,35,M010037,M010037,matched,address_exact,high,False,True,construction,,"SR16-102A (2017-04-18), https://comptroller.nyc.gov/wp-content/uploads/documents/SR16_102A.pdf"
36,10 Liberty Street,Yes,35,M010038,M010038,matched,address_exact,high,False,True,yes,,"SR16-102A (2017-04-18), https://comptroller.nyc.gov/wp-content/uploads/documents/SR16_102A.pdf"
37,59 Maiden Lane,Yes,35,M010040,M010040,matched,address_exact,high,False,True,yes,,"SR16-102A (2017-04-18), https://comptroller.nyc.gov/wp-content/uploads/documents/SR16_102A.pdf"
38,175 Water Street,No,36,M010041,M010041,matched,address_exact,high,False,True,no,,"SR16-102A (2017-04-18), https://comptroller.nyc.gov/wp-content/uploads/documents/SR16_102A.pdf"
39,17 Battery Place,No,36,M010042,M010042,matched,address_exact,high,False,True,no,,"SR16-102A (2017-04-18), https://comptroller.nyc.gov/wp-content/uploads/documents/SR16_102A.pdf"
40,40 Rector Street,No,36,M010043,M010043,matched,address_exact,high,False,True,no,,"SR16-102A (2017-04-18), https://comptroller.nyc.gov/wp-content/uploads/documents/SR16_102A.pdf"
41,1 Wall Street,Construction,36,M010044,M010044,matched,address_exact,high,False,True,construction,,"SR16-102A (2017-04-18), https://comptroller.nyc.gov/wp-content/uploads/documents/SR16_102A.pdf"
42,75 Wall Street,No,36,M010045,M010045,matched,address_exact,high,False,True,no,,"SR16-102A (2017-04-18), https://comptroller.nyc.gov/wp-content/uploads/documents/SR16_102A.pdf"
43,60 Wall Street,No,36,M010046,M010046,matched,address_exact,high,False,True,no,,"SR16-102A (2017-04-18), https://comptroller.nyc.gov/wp-content/uploads/documents/SR16_102A.pdf"
44,55 Church Street,No,36,M010047,M010047,matched,address_exact,high,False,True,no,,"SR16-102A (2017-04-18), https://comptroller.nyc.gov/wp-content/uploads/documents/SR16_102A.pdf"
45,105 Duane Street,Construction,36,M010048,M010048,matched,address_exact,high,False,True,construction,,"SR16-102A (2017-04-18), https://comptroller.nyc.gov/wp-content/uploads/documents/SR16_102A.pdf"
46,15 Cliff Street,No,36,M010049,M010049,matched,address_exact,high,False,True,no,,"SR16-102A (2017-04-18), https://comptroller.nyc.gov/wp-content/uploads/documents/SR16_102A.pdf"
47,2 Gold Street,No,36,M010050,M010050,matched,address_exact,high,False,True,no,"[p.26] us no violation was warranted, when in fact the location was a POPS. In one case, a complaint was received on September 21, 2015 that an urban plaza located at 2 Gold Street in Manhattan had no times of public access posted for the plaza. The complainant reported being told to leave the plaza by the manager of a restaurant located at 2 Gold Street. On January 27, 2016 a DOB inspector recorded the disposition as “complaint unsubst || [p.26] Manhattan had no times of public access posted for the plaza. The complainant reported being told to leave the plaza by the manager of a restaurant located at 2 Gold Street. On January 27, 2016 a DOB inspector recorded the disposition as “complaint unsubstantiated based on department records.” The comment underneath the disposition was “No Privately Owned Public Space @ Premise.” However, according to DCP’s Public Space Records, || [p.26] department records.” The comment underneath the disposition was “No Privately Owned Public Space @ Premise.” However, according to DCP’s Public Space Records, 2 Gold Street is indeed a POPS with an Urban Plaza that was built in 2005.9 The required amenities include seating, artwork, planting and 3 informational plaques. The inspector was apparently unaware that the POPS existed. Our inspection of this site on July 12, 2016 (see","SR16-102A (2017-04-18), https://comptroller.nyc.gov/wp-content/uploads/documents/SR16_102A.pdf"
48,123 Washington Street,No,36,M010051,M010051,matched,address_exact,high,False,True,no,,"SR16-102A (2017-04-18), https://comptroller.nyc.gov/wp-content/uploads/documents/SR16_102A.pdf"
49,8 Spruce Street,No,36,M010053,M010053,matched,address_exact,high,False,True,no,,"SR16-102A (2017-04-18), https://comptroller.nyc.gov/wp-content/uploads/documents/SR16_102A.pdf"
50,375 Pearl Street,Construction,36,M010058,M010058,matched,address_exact,high,False,True,construction,,"SR16-102A (2017-04-18), https://comptroller.nyc.gov/wp-content/uploads/documents/SR16_102A.pdf"
51,376 Broadway,No,36,M010059,M010059,matched,address_exact,high,False,True,no,,"SR16-102A (2017-04-18), https://comptroller.nyc.gov/wp-content/uploads/documents/SR16_102A.pdf"
52,60 East 8th Street,Yes,36,M020001,M020001,matched,address_exact,high,False,True,yes,,"SR16-102A (2017-04-18), https://comptroller.nyc.gov/wp-content/uploads/documents/SR16_102A.pdf"
53,300 Mercer Street,Yes,36,M020002,M020002,matched,address_exact,high,False,True,yes,,"SR16-102A (2017-04-18), https://comptroller.nyc.gov/wp-content/uploads/documents/SR16_102A.pdf"
54,375 Hudson Street,Yes,36,M020003,M020003,matched,address_exact,high,False,True,yes,,"SR16-102A (2017-04-18), https://comptroller.nyc.gov/wp-content/uploads/documents/SR16_102A.pdf"
55,99 Jane Street,No,36,M020004,M020004,matched,address_exact,high,False,True,no,,"SR16-102A (2017-04-18), https://comptroller.nyc.gov/wp-content/uploads/documents/SR16_102A.pdf"
56,246 Spring Street,Yes,36,M020006,M020006,matched,address_exact,high,False,True,yes,,"SR16-102A (2017-04-18), https://comptroller.nyc.gov/wp-content/uploads/documents/SR16_102A.pdf"
57,26 Astor Place,Yes,36,M020007,M020007,matched,address_exact,high,False,True,yes,"[p.8] n New York City.2 Below is an example of one of the many POPS in New York City, as seen in a photograph taken on July 13, 2016. Privately Owned Public Space at 26 Astor Place, Manhattan Two different City agencies oversee aspects of developers’ compliance with their POPS agreements: the New York City Department of Buildings and the New York City Department of City Planning. Among other things, DOB enforces the City’s Building Code","SR16-102A (2017-04-18), https://comptroller.nyc.gov/wp-content/uploads/documents/SR16_102A.pdf"
58,51 Astor Place,Yes,36,M030001,M030001,matched,address_exact,high,False,True,yes,,"SR16-102A (2017-04-18), https://comptroller.nyc.gov/wp-content/uploads/documents/SR16_102A.pdf"
59,555 West 57th Street,Yes,36,M040001,M040001,matched,address_exact,high,False,True,yes,,"SR16-102A (2017-04-18), https://comptroller.nyc.gov/wp-content/uploads/documents/SR16_102A.pdf"
60,347 West 57th Street,No,36,M040002,M040002,matched,address_exact,high,False,True,no,,"SR16-102A (2017-04-18), https://comptroller.nyc.gov/wp-content/uploads/documents/SR16_102A.pdf"
61,322 West 57th Street,No,36,M040003,M040003,matched,address_exact,high,False,True,no,,"SR16-102A (2017-04-18), https://comptroller.nyc.gov/wp-content/uploads/documents/SR16_102A.pdf"
62,825 Eighth Avenue,No,36,M040004,M040004,matched,address_exact,high,False,True,no,,"SR16-102A (2017-04-18), https://comptroller.nyc.gov/wp-content/uploads/documents/SR16_102A.pdf"
63,330 West 56th Street,No,36,M040007,M040007,matched,address_exact,high,False,True,no,,"SR16-102A (2017-04-18), https://comptroller.nyc.gov/wp-content/uploads/documents/SR16_102A.pdf"
64,1000 Tenth Avenue,Yes,36,M040008,M040008,matched,address_exact,high,False,True,yes,,"SR16-102A (2017-04-18), https://comptroller.nyc.gov/wp-content/uploads/documents/SR16_102A.pdf"
65,36 Central Park South,Yes,36,M050002,M050002,matched,address_exact,high,False,True,yes,,"SR16-102A (2017-04-18), https://comptroller.nyc.gov/wp-content/uploads/documents/SR16_102A.pdf"
66,767 Fifth Avenue,No,36,M050003,M050003,matched,address_exact,high,False,True,no,,"SR16-102A (2017-04-18), https://comptroller.nyc.gov/wp-content/uploads/documents/SR16_102A.pdf"
67,500 Park Avenue,Yes,36,M050004,M050004,matched,address_exact,high,False,True,yes,,"SR16-102A (2017-04-18), https://comptroller.nyc.gov/wp-content/uploads/documents/SR16_102A.pdf"
68,499 Park Avenue,Yes,36,M050005,M050005,matched,address_exact,high,False,True,yes,,"SR16-102A (2017-04-18), https://comptroller.nyc.gov/wp-content/uploads/documents/SR16_102A.pdf"
69,110 East 59th Street,Yes,36,M050006,M050006,matched,address_exact,high,False,True,yes,,"SR16-102A (2017-04-18), https://comptroller.nyc.gov/wp-content/uploads/documents/SR16_102A.pdf"
70,115 East 57th Street,No,36,M050007,M050007,matched,address_exact,high,False,True,no,,"SR16-102A (2017-04-18), https://comptroller.nyc.gov/wp-content/uploads/documents/SR16_102A.pdf"
71,9 West 57th Street,No,36,M050008,M050008,matched,address_exact,high,False,True,no,,"SR16-102A (2017-04-18), https://comptroller.nyc.gov/wp-content/uploads/documents/SR16_102A.pdf"
72,58 West 58th Street,No,36,M050009,M050009,matched,address_exact,high,False,True,no,,"SR16-102A (2017-04-18), https://comptroller.nyc.gov/wp-content/uploads/documents/SR16_102A.pdf"
73,211 West 56th Street,Construction,36,M050010,M050010,matched,address_exact,high,False,True,construction,,"SR16-102A (2017-04-18), https://comptroller.nyc.gov/wp-content/uploads/documents/SR16_102A.pdf"
74,1548 Broadway,Yes,36,M050100,M050100,matched,address_exact,high,False,True,yes,,"SR16-102A (2017-04-18), https://comptroller.nyc.gov/wp-content/uploads/documents/SR16_102A.pdf"
75,114 West 47th Street,No,36,M050101,M050101,matched,address_exact,high,False,True,no,,"SR16-102A (2017-04-18), https://comptroller.nyc.gov/wp-content/uploads/documents/SR16_102A.pdf"
76,151 West 54th Street,Yes,36,M050102,M050102,matched,address_exact,high,False,True,yes,,"SR16-102A (2017-04-18), https://comptroller.nyc.gov/wp-content/uploads/documents/SR16_102A.pdf"
77,425 Fifth Avenue,Construction,37,M050103,M050103,matched,address_exact,high,False,True,construction,,"SR16-102A (2017-04-18), https://comptroller.nyc.gov/wp-content/uploads/documents/SR16_102A.pdf"
78,125 West 55th Street,Yes,37,M050106,M050106,matched,address_exact,high,False,True,yes,,"SR16-102A (2017-04-18), https://comptroller.nyc.gov/wp-content/uploads/documents/SR16_102A.pdf"
79,774 Sixth Avenue,No,37,,,no_match,none,none,True,True,no,,"SR16-102A (2017-04-18), https://comptroller.nyc.gov/wp-content/uploads/documents/SR16_102A.pdf"
80,11 West 53rd Street,Yes,37,M050108,M050108,matched,address_exact,high,False,True,yes,,"SR16-102A (2017-04-18), https://comptroller.nyc.gov/wp-content/uploads/documents/SR16_102A.pdf"
81,325 Fifth Avenue,Construction,37,M050109,M050109,matched,address_exact,high,False,True,construction,,"SR16-102A (2017-04-18), https://comptroller.nyc.gov/wp-content/uploads/documents/SR16_102A.pdf"
82,888 Seventh Avenue,Yes,37,M050011,M050011,matched,address_exact,high,False,True,yes,,"SR16-102A (2017-04-18), https://comptroller.nyc.gov/wp-content/uploads/documents/SR16_102A.pdf"
83,835 Sixth Avenue,No,37,M050110,M050110,matched,address_exact,high,False,True,no,,"SR16-102A (2017-04-18), https://comptroller.nyc.gov/wp-content/uploads/documents/SR16_102A.pdf"
84,118 West 57th Street - Le Parker Meridien,No,37,M050012,M050012,matched,address_exact,high,False,True,no,,"SR16-102A (2017-04-18), https://comptroller.nyc.gov/wp-content/uploads/documents/SR16_102A.pdf"
85,40 West 57th Street,Yes,37,M050013,M050013,matched,address_exact,high,False,True,yes,,"SR16-102A (2017-04-18), https://comptroller.nyc.gov/wp-content/uploads/documents/SR16_102A.pdf"
86,725 Fifth Avenue - Trump Tower,No,37,M050014,M050014,matched,address_exact,high,False,True,no,,"SR16-102A (2017-04-18), https://comptroller.nyc.gov/wp-content/uploads/documents/SR16_102A.pdf"
87,590 Madison Avenue,Yes,37,M050015,M050015,matched,address_exact,high,False,True,yes,,"SR16-102A (2017-04-18), https://comptroller.nyc.gov/wp-content/uploads/documents/SR16_102A.pdf"
88,450 Park Avenue,No,37,M050016,M050016,matched,address_exact,high,False,True,no,,"SR16-102A (2017-04-18), https://comptroller.nyc.gov/wp-content/uploads/documents/SR16_102A.pdf"
89,230 West 27th Street,Yes,37,M050017,M050017,matched,address_exact,high,False,True,yes,,"SR16-102A (2017-04-18), https://comptroller.nyc.gov/wp-content/uploads/documents/SR16_102A.pdf"
90,550 Madison Avenue,No,37,M050018,M050018,matched,address_exact,high,False,True,no,,"SR16-102A (2017-04-18), https://comptroller.nyc.gov/wp-content/uploads/documents/SR16_102A.pdf"
91,1370 Sixth Avenue,No,37,M050019,M050019,matched,address_exact,high,False,True,no,,"SR16-102A (2017-04-18), https://comptroller.nyc.gov/wp-content/uploads/documents/SR16_102A.pdf"
92,230 West 55th Street,No,37,M050020,M050020,matched,address_exact,high,False,True,no,,"SR16-102A (2017-04-18), https://comptroller.nyc.gov/wp-content/uploads/documents/SR16_102A.pdf"
93,1345 Sixth Avenue,No,37,M050021,M050021,matched,address_exact,high,False,True,no,,"SR16-102A (2017-04-18), https://comptroller.nyc.gov/wp-content/uploads/documents/SR16_102A.pdf"
94,1350 Sixth Avenue,Yes,37,M050022,M050022,matched,address_exact,high,False,True,yes,,"SR16-102A (2017-04-18), https://comptroller.nyc.gov/wp-content/uploads/documents/SR16_102A.pdf"
95,535 Madison Avenue,No,37,M050024,M050024,matched,address_exact,high,False,True,no,,"SR16-102A (2017-04-18), https://comptroller.nyc.gov/wp-content/uploads/documents/SR16_102A.pdf"
96,520 Madison Avenue,No,37,M050025,M050025,matched,address_exact,high,False,True,no,,"SR16-102A (2017-04-18), https://comptroller.nyc.gov/wp-content/uploads/documents/SR16_102A.pdf"
97,1330 Sixth Avenue,Yes,37,M050026,M050026,matched,address_exact,high,False,True,yes,,"SR16-102A (2017-04-18), https://comptroller.nyc.gov/wp-content/uploads/documents/SR16_102A.pdf"
98,825 Seventh Avenue,No,37,M050027,M050027,matched,address_exact,high,False,True,no,,"SR16-102A (2017-04-18), https://comptroller.nyc.gov/wp-content/uploads/documents/SR16_102A.pdf"
99,1700 Broadway,No,37,M050028,M050028,matched,address_exact,high,False,True,no,,"SR16-102A (2017-04-18), https://comptroller.nyc.gov/wp-content/uploads/documents/SR16_102A.pdf"
100,810 Seventh Avenue,Yes,37,M050029,M050029,matched,address_exact,high,False,True,yes,,"SR16-102A (2017-04-18), https://comptroller.nyc.gov/wp-content/uploads/documents/SR16_102A.pdf"
101,1301 Sixth Avenue,Yes,37,M050030,M050030,matched,address_exact,high,False,True,yes,,"SR16-102A (2017-04-18), https://comptroller.nyc.gov/wp-content/uploads/documents/SR16_102A.pdf"
102,51 West 52nd Street,No,37,M050031,M050031,matched,address_exact,high,False,True,no,,"SR16-102A (2017-04-18), https://comptroller.nyc.gov/wp-content/uploads/documents/SR16_102A.pdf"
103,10 East 53rd Street,No,37,M050032,M050032,matched,address_exact,high,False,True,no,,"SR16-102A (2017-04-18), https://comptroller.nyc.gov/wp-content/uploads/documents/SR16_102A.pdf"
104,55 East 52nd Street,No,37,M050033,M050033,matched,address_exact,high,False,True,no,,"SR16-102A (2017-04-18), https://comptroller.nyc.gov/wp-content/uploads/documents/SR16_102A.pdf"
105,345 Park Avenue,Yes,37,M050034,M050034,matched,address_exact,high,False,True,yes,,"SR16-102A (2017-04-18), https://comptroller.nyc.gov/wp-content/uploads/documents/SR16_102A.pdf"
106,645 Fifth Avenue,No,37,M050035,M050035,matched,address_exact,high,False,True,no,,"SR16-102A (2017-04-18), https://comptroller.nyc.gov/wp-content/uploads/documents/SR16_102A.pdf"
107,650 Fifth Avenue,Yes,37,M050036,M050036,matched,address_exact,high,False,True,yes,,"SR16-102A (2017-04-18), https://comptroller.nyc.gov/wp-content/uploads/documents/SR16_102A.pdf"
108,1285 Sixth Avenue,No,37,M050037,M050037,matched,address_exact,high,False,True,no,,"SR16-102A (2017-04-18), https://comptroller.nyc.gov/wp-content/uploads/documents/SR16_102A.pdf"
109,1633 Broadway,Construction,37,M050038,M050038,matched,address_exact,high,False,True,construction,,"SR16-102A (2017-04-18), https://comptroller.nyc.gov/wp-content/uploads/documents/SR16_102A.pdf"
110,457 Madison Avenue,No,37,M050039,M050039,matched,address_exact,high,False,True,no,,"SR16-102A (2017-04-18), https://comptroller.nyc.gov/wp-content/uploads/documents/SR16_102A.pdf"
111,560 Lexington Avenue,No,37,M050040,M050040,matched,address_exact,high,False,True,no,,"SR16-102A (2017-04-18), https://comptroller.nyc.gov/wp-content/uploads/documents/SR16_102A.pdf"
112,437 Madison Avenue,No,37,M050041,M050041,matched,address_exact,high,False,True,no,,"SR16-102A (2017-04-18), https://comptroller.nyc.gov/wp-content/uploads/documents/SR16_102A.pdf"
113,1251 Sixth Avenue,Yes,37,M050042,M050042,matched,address_exact,high,False,True,yes,,"SR16-102A (2017-04-18), https://comptroller.nyc.gov/wp-content/uploads/documents/SR16_102A.pdf"
114,1221 Sixth Avenue,No,37,M050043,M050043,matched,address_exact,high,False,True,no,,"SR16-102A (2017-04-18), https://comptroller.nyc.gov/wp-content/uploads/documents/SR16_102A.pdf"
115,280 Park Avenue,No,37,M050045,M050045,matched,address_exact,high,False,True,no,,"SR16-102A (2017-04-18), https://comptroller.nyc.gov/wp-content/uploads/documents/SR16_102A.pdf"
116,299 Park Avenue,Yes,38,M050046,M050046,matched,address_exact,high,False,True,yes,,"SR16-102A (2017-04-18), https://comptroller.nyc.gov/wp-content/uploads/documents/SR16_102A.pdf"
117,1211 Sixth Avenue,Yes,38,M050047,M050047,matched,address_exact,high,False,True,yes,,"SR16-102A (2017-04-18), https://comptroller.nyc.gov/wp-content/uploads/documents/SR16_102A.pdf"
118,1185 Sixth Avenue,No,38,M050048,M050048,matched,address_exact,high,False,True,no,,"SR16-102A (2017-04-18), https://comptroller.nyc.gov/wp-content/uploads/documents/SR16_102A.pdf"
119,575 Fifth Avenue,No,38,M050049,M050049,matched,address_exact,high,False,True,no,,"SR16-102A (2017-04-18), https://comptroller.nyc.gov/wp-content/uploads/documents/SR16_102A.pdf"
120,245 Park Avenue,No,38,M050050,M050050,matched,address_exact,high,False,True,no,,"SR16-102A (2017-04-18), https://comptroller.nyc.gov/wp-content/uploads/documents/SR16_102A.pdf"
121,1166 Sixth Avenue,No,38,M050052,M050052,matched,address_exact,high,False,True,no,,"SR16-102A (2017-04-18), https://comptroller.nyc.gov/wp-content/uploads/documents/SR16_102A.pdf"
122,1515 Broadway,Yes,38,M050053,M050053,matched,address_exact,high,False,True,yes,,"SR16-102A (2017-04-18), https://comptroller.nyc.gov/wp-content/uploads/documents/SR16_102A.pdf"
123,1155 Sixth Avenue,Construction,38,M050054,M050054,matched,address_exact,high,False,True,construction,,"SR16-102A (2017-04-18), https://comptroller.nyc.gov/wp-content/uploads/documents/SR16_102A.pdf"
124,1133 Sixth Avenue,Yes,38,M050055,M050055,matched,address_exact,high,False,True,yes,,"SR16-102A (2017-04-18), https://comptroller.nyc.gov/wp-content/uploads/documents/SR16_102A.pdf"
125,1114 Sixth Avenue,No,38,M050057,M050057,matched,address_exact,high,False,True,no,"[p.23] ed on May 9, 2012 in which the complainant stated that barriers of obstruction were erected around one of two cafes in the Plaza portion of the POPS located at 1114 Sixth Avenue in Manhattan. These barriers created private 7DOB inspectors did not inspect the remaining 9 complaints but rather referred to the disposition of other complaints that were investigated at the same locations. Office of New York City Comptroller Scott M. Strin || [p.24] mplaint because the weather would have been more appropriate for having a barrier enclosing outdoor seating for the restaurant. Privately Owned Public Space at 1114 Sixth Avenue dated July 13, 2016 In addition, an August 2014 photo of the site taken from Google Maps (below) shows the same barriers around the seating. Office of New York City Comptroller Scott M. Stringer SR16-102A 21 || [p.25] locations were impermissibly closed during the weekend or at night. For example, DOB received a complaint on December 7, 2013 stating that the plaza located at 1114 Sixth Avenue in Manhattan had a sign stating it was open 24 hours and no times when it would be closed. The complainant reported being denied access on a weekend by a security guard who stated that the POPS was not open on weekends. On Monday, December 16, 2013, a DOB ins","SR16-102A (2017-04-18), https://comptroller.nyc.gov/wp-content/uploads/documents/SR16_102A.pdf"
126,6 East 43rd Street,Yes,38,M050058,M050058,matched,address_exact,high,False,True,yes,,"SR16-102A (2017-04-18), https://comptroller.nyc.gov/wp-content/uploads/documents/SR16_102A.pdf"
127,120 Park Avenue,No,38,M050059,M050059,matched,address_exact,high,False,True,no,,"SR16-102A (2017-04-18), https://comptroller.nyc.gov/wp-content/uploads/documents/SR16_102A.pdf"
128,1095 Sixth Avenue,No,38,M050060,M050060,matched,address_exact,high,False,True,no,,"SR16-102A (2017-04-18), https://comptroller.nyc.gov/wp-content/uploads/documents/SR16_102A.pdf"
129,101 Park Avenue,No,38,M050061,M050061,matched,address_exact,high,False,True,no,,"SR16-102A (2017-04-18), https://comptroller.nyc.gov/wp-content/uploads/documents/SR16_102A.pdf"
130,445 Fifth Avenue,No,38,M050062,M050062,matched,address_exact,high,False,True,no,,"SR16-102A (2017-04-18), https://comptroller.nyc.gov/wp-content/uploads/documents/SR16_102A.pdf"
131,1411 Broadway,No,38,M050063,M050063,matched,address_exact,high,False,True,no,,"SR16-102A (2017-04-18), https://comptroller.nyc.gov/wp-content/uploads/documents/SR16_102A.pdf"
132,1 Pennsylvania Plaza,No,38,M050064,M050064,matched,address_exact,high,False,True,no,,"SR16-102A (2017-04-18), https://comptroller.nyc.gov/wp-content/uploads/documents/SR16_102A.pdf"
133,3 Park Avenue,No,38,M050065,M050065,matched,address_exact,high,False,True,no,,"SR16-102A (2017-04-18), https://comptroller.nyc.gov/wp-content/uploads/documents/SR16_102A.pdf"
134,475 Park Avenue South,Construction,38,M050066,M050066,matched,address_exact,high,False,True,construction,,"SR16-102A (2017-04-18), https://comptroller.nyc.gov/wp-content/uploads/documents/SR16_102A.pdf"
135,1250 Broadway,Yes,38,M050067,M050067,matched,address_exact,high,False,True,yes,,"SR16-102A (2017-04-18), https://comptroller.nyc.gov/wp-content/uploads/documents/SR16_102A.pdf"
136,2 Pennsylvania Plaza,Yes,38,M050068,M050068,matched,address_exact,high,False,True,yes,,"SR16-102A (2017-04-18), https://comptroller.nyc.gov/wp-content/uploads/documents/SR16_102A.pdf"
137,41 Madison Avenue,Construction,38,M050069,M050069,matched,address_exact,high,False,True,construction,,"SR16-102A (2017-04-18), https://comptroller.nyc.gov/wp-content/uploads/documents/SR16_102A.pdf"
138,5 East 22nd Street,No,38,M050070,M050070,matched,address_exact,high,False,True,no,,"SR16-102A (2017-04-18), https://comptroller.nyc.gov/wp-content/uploads/documents/SR16_102A.pdf"
139,108 Fifth Avenue,No,38,M050071,M050071,matched,address_exact,high,False,True,no,"[p.19] The photographs below taken on July 13, 2016 of the POPS location at 108 Fifth Avenue reflect those non-complying conditions found by the auditors that existed even after the owner was cited for non-compliance and paid a fine. Privately Owned Public Space at 108 Fifth Avenue Office of New York City Comptroller Scott M. Stringer SR16-102A 16 || [p.19] non-complying conditions found by the auditors that existed even after the owner was cited for non-compliance and paid a fine. Privately Owned Public Space at 108 Fifth Avenue Office of New York City Comptroller Scott M. Stringer SR16-102A 16","SR16-102A (2017-04-18), https://comptroller.nyc.gov/wp-content/uploads/documents/SR16_102A.pdf"
140,50 Lexington Avenue,No,38,M050072,M050072,matched,address_exact,high,False,True,no,,"SR16-102A (2017-04-18), https://comptroller.nyc.gov/wp-content/uploads/documents/SR16_102A.pdf"
141,156 West 56th Street,Yes,38,M050074,M050074,matched,address_exact,high,False,True,yes,,"SR16-102A (2017-04-18), https://comptroller.nyc.gov/wp-content/uploads/documents/SR16_102A.pdf"
142,135 West 52nd Street,Construction,38,M050075,M050075,matched,address_exact,high,False,True,construction,,"SR16-102A (2017-04-18), https://comptroller.nyc.gov/wp-content/uploads/documents/SR16_102A.pdf"
143,712 Fifth Avenue,Yes,38,M050076,M050076,matched,address_exact,high,False,True,yes,,"SR16-102A (2017-04-18), https://comptroller.nyc.gov/wp-content/uploads/documents/SR16_102A.pdf"
144,899 Seventh Avenue,Yes,38,M050077,M050077,matched,address_exact,high,False,True,yes,,"SR16-102A (2017-04-18), https://comptroller.nyc.gov/wp-content/uploads/documents/SR16_102A.pdf"
145,611 Fifth Avenue,No,38,M050078,M050078,matched,address_exact,high,False,True,no,,"SR16-102A (2017-04-18), https://comptroller.nyc.gov/wp-content/uploads/documents/SR16_102A.pdf"
146,135 East 57th Street,No,38,M050079,M050079,matched,address_exact,high,False,True,no,,"SR16-102A (2017-04-18), https://comptroller.nyc.gov/wp-content/uploads/documents/SR16_102A.pdf"
147,235 West 48th Street,No,38,M050081,M050081,matched,address_exact,high,False,True,no,,"SR16-102A (2017-04-18), https://comptroller.nyc.gov/wp-content/uploads/documents/SR16_102A.pdf"
148,420 Fifth Avenue,Yes,38,M050082,M050082,matched,address_exact,high,False,True,yes,,"SR16-102A (2017-04-18), https://comptroller.nyc.gov/wp-content/uploads/documents/SR16_102A.pdf"
149,1325 Sixth Avenue,No,38,M050083,M050083,matched,address_exact,high,False,True,no,,"SR16-102A (2017-04-18), https://comptroller.nyc.gov/wp-content/uploads/documents/SR16_102A.pdf"
150,1755 Broadway,Yes,38,M050084,M050084,matched,address_exact,high,False,True,yes,,"SR16-102A (2017-04-18), https://comptroller.nyc.gov/wp-content/uploads/documents/SR16_102A.pdf"
151,146 West 57th Street,No,38,M050085,M050085,matched,address_exact,high,False,True,no,,"SR16-102A (2017-04-18), https://comptroller.nyc.gov/wp-content/uploads/documents/SR16_102A.pdf"
152,65 East 55th Street,Construction,38,M050086,M050086,matched,address_exact,high,False,True,construction,,"SR16-102A (2017-04-18), https://comptroller.nyc.gov/wp-content/uploads/documents/SR16_102A.pdf"
153,31 West 52nd Street,Yes,38,M050088,M050088,matched,address_exact,high,False,True,yes,,"SR16-102A (2017-04-18), https://comptroller.nyc.gov/wp-content/uploads/documents/SR16_102A.pdf"
154,40 East 52nd Street,No,38,M050089,M050089,matched,address_exact,high,False,True,no,,"SR16-102A (2017-04-18), https://comptroller.nyc.gov/wp-content/uploads/documents/SR16_102A.pdf"
155,145 West 44th Street,Yes,39,M050090,M050090,matched,address_exact,high,False,True,yes,,"SR16-102A (2017-04-18), https://comptroller.nyc.gov/wp-content/uploads/documents/SR16_102A.pdf"
156,1535 Broadway,Yes,39,M050091,M050091,matched,address_exact,high,False,True,yes,,"SR16-102A (2017-04-18), https://comptroller.nyc.gov/wp-content/uploads/documents/SR16_102A.pdf"
157,489 Fifth Avenue,Yes,39,M050092,M050092,matched,address_exact,high,False,True,yes,,"SR16-102A (2017-04-18), https://comptroller.nyc.gov/wp-content/uploads/documents/SR16_102A.pdf"
158,407 Park Avenue South,Construction,39,M050093,M050093,matched,address_exact,high,False,True,construction,,"SR16-102A (2017-04-18), https://comptroller.nyc.gov/wp-content/uploads/documents/SR16_102A.pdf"
159,45 East 25th Street,Yes,39,M050094,M050094,matched,address_exact,high,False,True,yes,,"SR16-102A (2017-04-18), https://comptroller.nyc.gov/wp-content/uploads/documents/SR16_102A.pdf"
160,12 East 49th Street,No,39,M050095,M050095,matched,address_exact,high,False,True,no,,"SR16-102A (2017-04-18), https://comptroller.nyc.gov/wp-content/uploads/documents/SR16_102A.pdf"
161,155 East 29th Street,No,39,M060002,M060002,matched,address_exact,high,False,True,no,,"SR16-102A (2017-04-18), https://comptroller.nyc.gov/wp-content/uploads/documents/SR16_102A.pdf"
162,155 East 31st Street,Yes,39,M060003,M060003,matched,address_exact,high,False,True,yes,,"SR16-102A (2017-04-18), https://comptroller.nyc.gov/wp-content/uploads/documents/SR16_102A.pdf"
163,150 East 34th Street,No,39,M060005,M060005,matched,address_exact,high,False,True,no,,"SR16-102A (2017-04-18), https://comptroller.nyc.gov/wp-content/uploads/documents/SR16_102A.pdf"
164,166 East 34th Street,Yes,39,M060006,M060006,matched,address_exact,high,False,True,yes,,"SR16-102A (2017-04-18), https://comptroller.nyc.gov/wp-content/uploads/documents/SR16_102A.pdf"
165,115 East 34th Street,No,39,M060007,M060007,matched,address_exact,high,False,True,no,,"SR16-102A (2017-04-18), https://comptroller.nyc.gov/wp-content/uploads/documents/SR16_102A.pdf"
166,132 East 35th Street,No,39,M060008,M060008,matched,address_exact,high,False,True,no,,"SR16-102A (2017-04-18), https://comptroller.nyc.gov/wp-content/uploads/documents/SR16_102A.pdf"
167,560 Third Avenue,Yes,39,M060009,M060009,matched,address_exact,high,False,True,yes,,"SR16-102A (2017-04-18), https://comptroller.nyc.gov/wp-content/uploads/documents/SR16_102A.pdf"
168,600 Third Avenue,Construction,39,M060010,M060010,matched,address_exact,high,False,True,construction,,"SR16-102A (2017-04-18), https://comptroller.nyc.gov/wp-content/uploads/documents/SR16_102A.pdf"
169,201 East 17th Street,Yes,39,M060011,M060011,matched,address_exact,high,False,True,yes,,"SR16-102A (2017-04-18), https://comptroller.nyc.gov/wp-content/uploads/documents/SR16_102A.pdf"
170,200 East 24th Street,No,39,M060012,M060012,matched,address_exact,high,False,True,no,,"SR16-102A (2017-04-18), https://comptroller.nyc.gov/wp-content/uploads/documents/SR16_102A.pdf"
171,240 East 27th Street,No,39,M060014,M060014,matched,address_exact,high,False,True,no,,"SR16-102A (2017-04-18), https://comptroller.nyc.gov/wp-content/uploads/documents/SR16_102A.pdf"
172,200 East 33rd Street,No,39,M060015,M060015,matched,address_exact,high,False,True,no,,"SR16-102A (2017-04-18), https://comptroller.nyc.gov/wp-content/uploads/documents/SR16_102A.pdf"
173,240 East 38th Street,Yes,39,M060016,M060016,matched,address_exact,high,False,True,yes,,"SR16-102A (2017-04-18), https://comptroller.nyc.gov/wp-content/uploads/documents/SR16_102A.pdf"
174,222 East 39th Street,No,39,M060017,M060017,matched,address_exact,high,False,True,no,,"SR16-102A (2017-04-18), https://comptroller.nyc.gov/wp-content/uploads/documents/SR16_102A.pdf"
175,250 East 40th Street,Yes,39,M060019,M060019,matched,address_exact,high,False,True,yes,,"SR16-102A (2017-04-18), https://comptroller.nyc.gov/wp-content/uploads/documents/SR16_102A.pdf"
176,300 East 34th Street,Yes,39,M060020,M060020,matched,address_exact,high,False,True,yes,,"SR16-102A (2017-04-18), https://comptroller.nyc.gov/wp-content/uploads/documents/SR16_102A.pdf"
177,330 East 38th Street,No,39,M060021,M060021,matched,address_exact,high,False,True,no,,"SR16-102A (2017-04-18), https://comptroller.nyc.gov/wp-content/uploads/documents/SR16_102A.pdf"
178,330 East 39th Street,No,39,M060022,M060022,matched,address_exact,high,False,True,no,,"SR16-102A (2017-04-18), https://comptroller.nyc.gov/wp-content/uploads/documents/SR16_102A.pdf"
179,311 East 38th Street,No,39,M060023,M060023,matched,address_exact,high,False,True,no,,"SR16-102A (2017-04-18), https://comptroller.nyc.gov/wp-content/uploads/documents/SR16_102A.pdf"
180,728 Second Avenue,No,39,M060024,M060024,matched,address_exact,high,False,True,no,,"SR16-102A (2017-04-18), https://comptroller.nyc.gov/wp-content/uploads/documents/SR16_102A.pdf"
181,630 First Avenue,No,39,M060025,M060025,matched,address_exact,high,False,True,no,,"SR16-102A (2017-04-18), https://comptroller.nyc.gov/wp-content/uploads/documents/SR16_102A.pdf"
182,622 Third Avenue,No,39,M060026,M060026,matched,address_exact,high,False,True,no,,"SR16-102A (2017-04-18), https://comptroller.nyc.gov/wp-content/uploads/documents/SR16_102A.pdf"
183,140 East 45th Street,No,39,M060027,M060027,matched,address_exact,high,False,True,no,,"SR16-102A (2017-04-18), https://comptroller.nyc.gov/wp-content/uploads/documents/SR16_102A.pdf"
184,141 East 48th Street,Construction,39,M060028,M060028,matched,address_exact,high,False,True,construction,,"SR16-102A (2017-04-18), https://comptroller.nyc.gov/wp-content/uploads/documents/SR16_102A.pdf"
185,780 Third Avenue,Yes,39,M060029,M060029,matched,address_exact,high,False,True,yes,,"SR16-102A (2017-04-18), https://comptroller.nyc.gov/wp-content/uploads/documents/SR16_102A.pdf"
186,800 Third Avenue,Yes,39,M060030,M060030,matched,address_exact,high,False,True,yes,,"SR16-102A (2017-04-18), https://comptroller.nyc.gov/wp-content/uploads/documents/SR16_102A.pdf"
187,599 Lexington Avenue,Yes,39,M060031,M060031,matched,address_exact,high,False,True,yes,,"SR16-102A (2017-04-18), https://comptroller.nyc.gov/wp-content/uploads/documents/SR16_102A.pdf"
188,153 East 53rd Street,No,39,M060032,M060032,matched,address_exact,high,False,True,no,,"SR16-102A (2017-04-18), https://comptroller.nyc.gov/wp-content/uploads/documents/SR16_102A.pdf"
189,900 Third Avenue,Yes,39,M060033,M060033,matched,address_exact,high,False,True,yes,,"SR16-102A (2017-04-18), https://comptroller.nyc.gov/wp-content/uploads/documents/SR16_102A.pdf"
190,950 Third Avenue,Yes,39,M060034,M060034,matched,address_exact,high,False,True,yes,,"SR16-102A (2017-04-18), https://comptroller.nyc.gov/wp-content/uploads/documents/SR16_102A.pdf"
191,150 East 58th Street,Yes,39,M060035,M060035,matched,address_exact,high,False,True,yes,,"SR16-102A (2017-04-18), https://comptroller.nyc.gov/wp-content/uploads/documents/SR16_102A.pdf"
192,245 East 40th Street,No,39,M060037,M060037,matched,address_exact,high,False,True,no,,"SR16-102A (2017-04-18), https://comptroller.nyc.gov/wp-content/uploads/documents/SR16_102A.pdf"
193,235 East 40th Street,No,39,M060038,M060038,matched,address_exact,high,False,True,no,,"SR16-102A (2017-04-18), https://comptroller.nyc.gov/wp-content/uploads/documents/SR16_102A.pdf"
194,212 East 42nd Street,No,40,M060039,M060039,matched,address_exact,high,False,True,no,,"SR16-102A (2017-04-18), https://comptroller.nyc.gov/wp-content/uploads/documents/SR16_102A.pdf"
195,201 East 42nd Street,Construction,40,M060040,M060040,matched,address_exact,high,False,True,construction,,"SR16-102A (2017-04-18), https://comptroller.nyc.gov/wp-content/uploads/documents/SR16_102A.pdf"
196,685 Third Avenue,No,40,M060041,M060041,matched,address_exact,high,False,True,no,,"SR16-102A (2017-04-18), https://comptroller.nyc.gov/wp-content/uploads/documents/SR16_102A.pdf"
197,240 East 47th Street,Yes,40,M060044,M060044,matched,address_exact,high,False,True,yes,,"SR16-102A (2017-04-18), https://comptroller.nyc.gov/wp-content/uploads/documents/SR16_102A.pdf"
198,212 East 47th Street,Yes,40,M060045,M060045,matched,address_exact,high,False,True,yes,,"SR16-102A (2017-04-18), https://comptroller.nyc.gov/wp-content/uploads/documents/SR16_102A.pdf"
199,747 Third Avenue,Yes,40,M060046,M060046,matched,address_exact,high,False,True,yes,,"SR16-102A (2017-04-18), https://comptroller.nyc.gov/wp-content/uploads/documents/SR16_102A.pdf"
200,885 Second Avenue,Yes,40,M060047,M060047,matched,address_exact,high,False,True,yes,,"SR16-102A (2017-04-18), https://comptroller.nyc.gov/wp-content/uploads/documents/SR16_102A.pdf"
201,767 Third Avenue,Yes,40,M060048,M060048,matched,address_exact,high,False,True,yes,,"SR16-102A (2017-04-18), https://comptroller.nyc.gov/wp-content/uploads/documents/SR16_102A.pdf"
202,777 Third Avenue,Yes,40,M060049,M060049,matched,address_exact,high,False,True,yes,,"SR16-102A (2017-04-18), https://comptroller.nyc.gov/wp-content/uploads/documents/SR16_102A.pdf"
203,255 East 49th Street,No,40,M060050,M060050,matched,address_exact,high,False,True,no,,"SR16-102A (2017-04-18), https://comptroller.nyc.gov/wp-content/uploads/documents/SR16_102A.pdf"
204,805 Third Avenue,No,40,M060051,M060051,matched,address_exact,high,False,True,no,,"SR16-102A (2017-04-18), https://comptroller.nyc.gov/wp-content/uploads/documents/SR16_102A.pdf"
205,825 Third Avenue,No,40,M060052,M060052,matched,address_exact,high,False,True,no,"[p.16] stating that the property is private; garbage stored in a plaza; and portions of the POPS closed to the public. One example of such violations can be found at 825 Third Avenue, Manhattan, which contains a POPS. This POPS was established as a plaza. However, we found that two restaurants had been allowed to take over a portion of the site for their private use. The two restaurants were using the POPS to seat and serve their patrons. || [p.16] th had cordoned off an area of the site with partitions to enclose tables, chairs, and umbrellas for use by private customers. The pictures below were taken at 825 Third Avenue in Manhattan, on July 13, 2016, and November 2, 2016, respectively. The property owner for this location has received the benefit of having an additional 39,411 square feet in floor area since 1969 in the building, but has not complied with the POPS agreement || [p.17] Privately Owned Public Space at 825 Third Avenue, Manhattan Moreover, the pictures below posted by Google Maps, show that one restaurant has been appropriating this space since at least 2007, while the other restaurant has been using the space since at least 2011. Google Maps Picture dated September 2007 Sh","SR16-102A (2017-04-18), https://comptroller.nyc.gov/wp-content/uploads/documents/SR16_102A.pdf"
206,875 Third Avenue,Yes,40,M060054,M060054,matched,address_exact,high,False,True,yes,,"SR16-102A (2017-04-18), https://comptroller.nyc.gov/wp-content/uploads/documents/SR16_102A.pdf"
207,885 Third Avenue,No,40,M060055,M060055,matched,address_exact,high,False,True,no,,"SR16-102A (2017-04-18), https://comptroller.nyc.gov/wp-content/uploads/documents/SR16_102A.pdf"
208,909 Third Avenue,Yes,40,M060056,M060056,matched,address_exact,high,False,True,yes,,"SR16-102A (2017-04-18), https://comptroller.nyc.gov/wp-content/uploads/documents/SR16_102A.pdf"
209,245 East 54th Street,No,40,M060057,M060057,matched,address_exact,high,False,True,no,,"SR16-102A (2017-04-18), https://comptroller.nyc.gov/wp-content/uploads/documents/SR16_102A.pdf"
210,919 Third Avenue,Yes,40,M060058,M060058,matched,address_exact,high,False,True,yes,,"SR16-102A (2017-04-18), https://comptroller.nyc.gov/wp-content/uploads/documents/SR16_102A.pdf"
211,309 East 48th Street,Yes,40,M060059,M060059,matched,address_exact,high,False,True,yes,,"SR16-102A (2017-04-18), https://comptroller.nyc.gov/wp-content/uploads/documents/SR16_102A.pdf"
212,3 United Nations Plaza,No,40,M060060,M060060,matched,address_exact,high,False,True,no,,"SR16-102A (2017-04-18), https://comptroller.nyc.gov/wp-content/uploads/documents/SR16_102A.pdf"
213,303 East 43rd Street,Yes,40,M060061,M060061,matched,address_exact,high,False,True,yes,,"SR16-102A (2017-04-18), https://comptroller.nyc.gov/wp-content/uploads/documents/SR16_102A.pdf"
214,320 East 46th Street,Yes,40,M060062,M060062,matched,address_exact,high,False,True,yes,,"SR16-102A (2017-04-18), https://comptroller.nyc.gov/wp-content/uploads/documents/SR16_102A.pdf"
215,333 East 45th Street,No,40,M060063,M060063,matched,address_exact,high,False,True,no,,"SR16-102A (2017-04-18), https://comptroller.nyc.gov/wp-content/uploads/documents/SR16_102A.pdf"
216,301 East 45th Street,No,40,M060064,M060064,matched,address_exact,high,False,True,no,,"SR16-102A (2017-04-18), https://comptroller.nyc.gov/wp-content/uploads/documents/SR16_102A.pdf"
217,866 Second Avenue,Yes,40,M060065,M060065,matched,address_exact,high,False,True,yes,,"SR16-102A (2017-04-18), https://comptroller.nyc.gov/wp-content/uploads/documents/SR16_102A.pdf"
218,100 United Nations Plaza/871 United Nations Plaza,Yes,40,M060066,M060066,matched,address_exact,medium,True,True,yes,,"SR16-102A (2017-04-18), https://comptroller.nyc.gov/wp-content/uploads/documents/SR16_102A.pdf"
219,300 East 54th Street,Yes,40,M060067,M060067,matched,address_exact,high,False,True,yes,,"SR16-102A (2017-04-18), https://comptroller.nyc.gov/wp-content/uploads/documents/SR16_102A.pdf"
220,360 East 57th Street,Construction,40,M060070,M060070,matched,address_exact,high,False,True,construction,,"SR16-102A (2017-04-18), https://comptroller.nyc.gov/wp-content/uploads/documents/SR16_102A.pdf"
221,300 East 59th Street,No,40,M060072,M060072,matched,address_exact,high,False,True,no,,"SR16-102A (2017-04-18), https://comptroller.nyc.gov/wp-content/uploads/documents/SR16_102A.pdf"
222,429 East 52nd Street,No,40,M060073,M060073,matched,address_exact,high,False,True,no,,"SR16-102A (2017-04-18), https://comptroller.nyc.gov/wp-content/uploads/documents/SR16_102A.pdf"
223,420 East 54th Street,No,40,M060074,M060074,matched,address_exact,high,False,True,no,,"SR16-102A (2017-04-18), https://comptroller.nyc.gov/wp-content/uploads/documents/SR16_102A.pdf"
224,400 East 54th Street,Yes,40,M060075,M060075,matched,address_exact,high,False,True,yes,,"SR16-102A (2017-04-18), https://comptroller.nyc.gov/wp-content/uploads/documents/SR16_102A.pdf"
225,415 East 54th Street,No,40,M060076,M060076,matched,address_exact,high,False,True,no,,"SR16-102A (2017-04-18), https://comptroller.nyc.gov/wp-content/uploads/documents/SR16_102A.pdf"
226,400 East 56th Street,No,40,M060077,M060077,matched,address_exact,high,False,True,no,,"SR16-102A (2017-04-18), https://comptroller.nyc.gov/wp-content/uploads/documents/SR16_102A.pdf"
227,425 East 58th Street,Yes,40,M060078,M060078,matched,address_exact,high,False,True,yes,,"SR16-102A (2017-04-18), https://comptroller.nyc.gov/wp-content/uploads/documents/SR16_102A.pdf"
228,243 Lexington Avenue,Yes,40,M060079,M060079,matched,address_exact,high,False,True,yes,,"SR16-102A (2017-04-18), https://comptroller.nyc.gov/wp-content/uploads/documents/SR16_102A.pdf"
229,418 East 59th Street,No,40,M060081,M060081,matched,address_exact,high,False,True,no,,"SR16-102A (2017-04-18), https://comptroller.nyc.gov/wp-content/uploads/documents/SR16_102A.pdf"
230,401 East 34th Street,No,40,M060082,M060082,matched,address_exact,high,False,True,no,,"SR16-102A (2017-04-18), https://comptroller.nyc.gov/wp-content/uploads/documents/SR16_102A.pdf"
231,137 East 36th Street,Yes,40,M060083,M060083,matched,address_exact,high,False,True,yes,,"SR16-102A (2017-04-18), https://comptroller.nyc.gov/wp-content/uploads/documents/SR16_102A.pdf"
232,285 Lexington Avenue,Yes,40,M060084,M060084,matched,address_exact,high,False,True,yes,,"SR16-102A (2017-04-18), https://comptroller.nyc.gov/wp-content/uploads/documents/SR16_102A.pdf"
233,200 East 32nd Street,Yes,41,M060085,M060085,matched,address_exact,high,False,True,yes,,"SR16-102A (2017-04-18), https://comptroller.nyc.gov/wp-content/uploads/documents/SR16_102A.pdf"
234,353 East 17th Street,Yes,41,M060086,M060086,matched,address_exact,high,False,True,yes,,"SR16-102A (2017-04-18), https://comptroller.nyc.gov/wp-content/uploads/documents/SR16_102A.pdf"
235,410 East 58th Street,No,41,M060087,M060087,matched,address_exact,high,False,True,no,"[p.6] at corresponds to the complaint; d) Are followed by a re-inspection to ensure that the violation is corrected. 9. Refer the apparent destruction of the POPS at 410 East 58th Street in Manhattan to the City Law Department to take appropriate action. The Department of City Planning should: 10. Develop an advertising campaign to inform the public about all POPS locations and the required amenities required to be provided at each. 11. Consi || [p.28] In a second POPS location at 410 East 58th Street in Manhattan, we found that DOB allowed a P OPS to be entirely eliminated when a permanent, private structure was built on top of it. When auditors asked DOB officials whether a building permit had been issued for the structure built on the POPS, they said th || [p.28] d Lot (BBL) 1-1369-42. The highlighted area, encircled, is where the building is located and also depicts where a plaza-type POPS is supposed to be located, at 410 East 58th Street in Manhattan. Privately Owned Public Space at 410 East 58th Street, Manhattan However, a structure was built over the POPS space (see photos below). The space is now occupied by a hotel lobby. DOB allowed this POPS plaza to be completely eliminated during a O","SR16-102A (2017-04-18), https://comptroller.nyc.gov/wp-content/uploads/documents/SR16_102A.pdf"
236,425 Lexington Avenue,No,41,M060088,M060088,matched,address_exact,high,False,True,no,,"SR16-102A (2017-04-18), https://comptroller.nyc.gov/wp-content/uploads/documents/SR16_102A.pdf"
237,200 West 79th Street,Yes,41,M070005,M070005,matched,address_exact,high,False,True,yes,,"SR16-102A (2017-04-18), https://comptroller.nyc.gov/wp-content/uploads/documents/SR16_102A.pdf"
238,201 West 70th Street,Yes,41,M070006,M070006,matched,address_exact,high,False,True,yes,,"SR16-102A (2017-04-18), https://comptroller.nyc.gov/wp-content/uploads/documents/SR16_102A.pdf"
239,2025 Broadway,Yes,41,M070007,M070007,matched,address_exact,high,False,True,yes,,"SR16-102A (2017-04-18), https://comptroller.nyc.gov/wp-content/uploads/documents/SR16_102A.pdf"
240,80 Central Park West,Yes,41,M070009,M070009,matched,address_exact,high,False,True,yes,,"SR16-102A (2017-04-18), https://comptroller.nyc.gov/wp-content/uploads/documents/SR16_102A.pdf"
241,130 West 67th Street,Yes,41,M070011,M070011,matched,address_exact,high,False,True,yes,,"SR16-102A (2017-04-18), https://comptroller.nyc.gov/wp-content/uploads/documents/SR16_102A.pdf"
242,2 Lincoln Square,No,41,M070012,M070012,matched,address_exact,high,False,True,no,,"SR16-102A (2017-04-18), https://comptroller.nyc.gov/wp-content/uploads/documents/SR16_102A.pdf"
243,10 West 66th Street,No,41,M070013,M070013,matched,address_exact,high,False,True,no,,"SR16-102A (2017-04-18), https://comptroller.nyc.gov/wp-content/uploads/documents/SR16_102A.pdf"
244,1 Lincoln Plaza,Construction,41,M070014,M070014,matched,address_exact,high,False,True,construction,,"SR16-102A (2017-04-18), https://comptroller.nyc.gov/wp-content/uploads/documents/SR16_102A.pdf"
245,1886 Broadway,No,41,M070015,M070015,matched,address_exact,high,False,True,no,,"SR16-102A (2017-04-18), https://comptroller.nyc.gov/wp-content/uploads/documents/SR16_102A.pdf"
246,61 West 62nd Street,No,41,M070016,M070016,matched,address_exact,high,False,True,no,,"SR16-102A (2017-04-18), https://comptroller.nyc.gov/wp-content/uploads/documents/SR16_102A.pdf"
247,44 West 62nd Street,Yes,41,M070017,M070017,matched,address_exact,high,False,True,yes,,"SR16-102A (2017-04-18), https://comptroller.nyc.gov/wp-content/uploads/documents/SR16_102A.pdf"
248,45 West 60th Street,No,41,M070019,M070019,matched,address_exact,high,False,True,no,,"SR16-102A (2017-04-18), https://comptroller.nyc.gov/wp-content/uploads/documents/SR16_102A.pdf"
249,30 West 61st Street,No,41,M070020,M070020,matched,address_exact,high,False,True,no,,"SR16-102A (2017-04-18), https://comptroller.nyc.gov/wp-content/uploads/documents/SR16_102A.pdf"
250,One Central Park West/Trump International Hotel,No,41,M070021,M070021,matched,address_exact,high,False,True,no,,"SR16-102A (2017-04-18), https://comptroller.nyc.gov/wp-content/uploads/documents/SR16_102A.pdf"
251,145 West 67th Street,No,41,M070023,M070023,matched,address_exact,high,False,True,no,,"SR16-102A (2017-04-18), https://comptroller.nyc.gov/wp-content/uploads/documents/SR16_102A.pdf"
252,1991 Broadway,No,41,M070024,M070024,matched,address_exact,high,False,True,no,,"SR16-102A (2017-04-18), https://comptroller.nyc.gov/wp-content/uploads/documents/SR16_102A.pdf"
253,200 West 60th Street,Yes,41,M070026,M070026,matched,address_exact,high,False,True,yes,,"SR16-102A (2017-04-18), https://comptroller.nyc.gov/wp-content/uploads/documents/SR16_102A.pdf"
254,75 West End Avenue,Yes,41,M070027,M070027,matched,address_exact,high,False,True,yes,,"SR16-102A (2017-04-18), https://comptroller.nyc.gov/wp-content/uploads/documents/SR16_102A.pdf"
255,118 East 60th Street,No,41,M080001,M080001,matched,address_exact,high,False,True,no,,"SR16-102A (2017-04-18), https://comptroller.nyc.gov/wp-content/uploads/documents/SR16_102A.pdf"
256,167 East 61st Street/Trump Plaza,No,41,M080002,M080002,matched,address_exact,high,False,True,no,,"SR16-102A (2017-04-18), https://comptroller.nyc.gov/wp-content/uploads/documents/SR16_102A.pdf"
257,980 Fifth Avenue,No,41,M080003,M080003,matched,address_exact,high,False,True,no,,"SR16-102A (2017-04-18), https://comptroller.nyc.gov/wp-content/uploads/documents/SR16_102A.pdf"
258,188 East 64th Street,Construction,41,M080004,M080004,matched,address_exact,high,False,True,construction,,"SR16-102A (2017-04-18), https://comptroller.nyc.gov/wp-content/uploads/documents/SR16_102A.pdf"
259,160 East 65th Street,Construction,41,M080005,M080005,matched,address_exact,high,False,True,construction,,"SR16-102A (2017-04-18), https://comptroller.nyc.gov/wp-content/uploads/documents/SR16_102A.pdf"
260,733 Park Avenue,Yes,41,M080006,M080006,matched,address_exact,high,False,True,yes,,"SR16-102A (2017-04-18), https://comptroller.nyc.gov/wp-content/uploads/documents/SR16_102A.pdf"
261,200 East 61st Street,No,41,M080008,M080008,matched,address_exact,high,False,True,no,,"SR16-102A (2017-04-18), https://comptroller.nyc.gov/wp-content/uploads/documents/SR16_102A.pdf"
262,200 East 62nd Street,No,41,M080009,M080009,matched,address_exact,high,False,True,no,,"SR16-102A (2017-04-18), https://comptroller.nyc.gov/wp-content/uploads/documents/SR16_102A.pdf"
263,200 East 64th Street,No,41,M080010,M080010,matched,address_exact,high,False,True,no,"[p.14] reater accordance with the standards set forth in Section 37-70 (PUBLIC PLAZAS), inclusive.” By way of another example of non-compliance, the property owner of 200 East 64th Street in Manhattan has received the benefit of an additional 26,108 square feet in floor area in the building since 1969 in exchange for providing the POPS.5 But as is reflected in the photographs that follow, the owner has failed to fully provide required amenitie || [p.14] amenities. As in our previous example, DOB officials agreed that existing conditions violated the applicable Zoning Resolution. Privately Owned Public Space at 200 East 64th Street The photo below taken on July 11, 2016, reflects that planters creating a barricade have been placed preventing public access to part of the POPS. During our inspections, we observed that this area was used as a backyard for restaurant staff, and for storage","SR16-102A (2017-04-18), https://comptroller.nyc.gov/wp-content/uploads/documents/SR16_102A.pdf"
264,220 East 65th Street,No,41,M080011,M080011,matched,address_exact,high,False,True,no,,"SR16-102A (2017-04-18), https://comptroller.nyc.gov/wp-content/uploads/documents/SR16_102A.pdf"
265,200 East 65th Street,Yes,41,M080012,M080012,matched,address_exact,high,False,True,yes,,"SR16-102A (2017-04-18), https://comptroller.nyc.gov/wp-content/uploads/documents/SR16_102A.pdf"
266,265 East 66th Street,No,41,M080013,M080013,matched,address_exact,high,False,True,no,,"SR16-102A (2017-04-18), https://comptroller.nyc.gov/wp-content/uploads/documents/SR16_102A.pdf"
267,254 East 68th Street,Yes,41,M080014,M080014,matched,address_exact,high,False,True,yes,,"SR16-102A (2017-04-18), https://comptroller.nyc.gov/wp-content/uploads/documents/SR16_102A.pdf"
268,205 East 95th Street,Yes,41,M080015,M080015,matched,address_exact,high,False,True,yes,,"SR16-102A (2017-04-18), https://comptroller.nyc.gov/wp-content/uploads/documents/SR16_102A.pdf"
269,220 East 72nd Street,Yes,41,M080016,M080016,matched,address_exact,high,False,True,yes,,"SR16-102A (2017-04-18), https://comptroller.nyc.gov/wp-content/uploads/documents/SR16_102A.pdf"
270,300 East 62nd Street,No,41,M080019,M080019,matched,address_exact,high,False,True,no,,"SR16-102A (2017-04-18), https://comptroller.nyc.gov/wp-content/uploads/documents/SR16_102A.pdf"
271,304 East 65th Street,Construction,41,M080021,M080021,matched,address_exact,high,False,True,construction,,"SR16-102A (2017-04-18), https://comptroller.nyc.gov/wp-content/uploads/documents/SR16_102A.pdf"
272,353 East 72nd Street,Yes,42,M080022,M080022,matched,address_exact,high,False,True,yes,,"SR16-102A (2017-04-18), https://comptroller.nyc.gov/wp-content/uploads/documents/SR16_102A.pdf"
273,300 East 74th Street,Yes,42,M080023,M080023,matched,address_exact,high,False,True,yes,,"SR16-102A (2017-04-18), https://comptroller.nyc.gov/wp-content/uploads/documents/SR16_102A.pdf"
274,300 East 75th Street,No,42,M080025,M080025,matched,address_exact,high,False,True,no,,"SR16-102A (2017-04-18), https://comptroller.nyc.gov/wp-content/uploads/documents/SR16_102A.pdf"
275,400 East 70th Street,Construction,42,M080027,M080027,matched,address_exact,high,False,True,construction,,"SR16-102A (2017-04-18), https://comptroller.nyc.gov/wp-content/uploads/documents/SR16_102A.pdf"
276,400 East 71st Street,No,42,M080029,M080029,matched,address_exact,high,False,True,no,,"SR16-102A (2017-04-18), https://comptroller.nyc.gov/wp-content/uploads/documents/SR16_102A.pdf"
277,1385 York Avenue,No,42,M080030,M080030,matched,address_exact,high,False,True,no,,"SR16-102A (2017-04-18), https://comptroller.nyc.gov/wp-content/uploads/documents/SR16_102A.pdf"
278,1365 York Avenue,No,42,M080031,M080031,matched,address_exact,high,False,True,no,,"SR16-102A (2017-04-18), https://comptroller.nyc.gov/wp-content/uploads/documents/SR16_102A.pdf"
279,985 Fifth Avenue,No,42,M080032,M080032,matched,address_exact,high,False,True,no,,"SR16-102A (2017-04-18), https://comptroller.nyc.gov/wp-content/uploads/documents/SR16_102A.pdf"
280,900 Park Avenue,No,42,M080033,M080033,matched,address_exact,high,False,True,no,,"SR16-102A (2017-04-18), https://comptroller.nyc.gov/wp-content/uploads/documents/SR16_102A.pdf"
281,50 East 89th Street,No,42,M080034,M080034,matched,address_exact,high,False,True,no,,"SR16-102A (2017-04-18), https://comptroller.nyc.gov/wp-content/uploads/documents/SR16_102A.pdf"
282,45 East 89th Street,Construction,42,M080035,M080035,matched,address_exact,high,False,True,construction,,"SR16-102A (2017-04-18), https://comptroller.nyc.gov/wp-content/uploads/documents/SR16_102A.pdf"
283,40 East 94th Street,No,42,M080036,M080036,matched,address_exact,high,False,True,no,,"SR16-102A (2017-04-18), https://comptroller.nyc.gov/wp-content/uploads/documents/SR16_102A.pdf"
284,178 East 80th Street,No,42,M080037,M080037,matched,address_exact,high,False,True,no,,"SR16-102A (2017-04-18), https://comptroller.nyc.gov/wp-content/uploads/documents/SR16_102A.pdf"
285,171 East 84th Street,No,42,M080039,M080039,matched,address_exact,high,False,True,no,,"SR16-102A (2017-04-18), https://comptroller.nyc.gov/wp-content/uploads/documents/SR16_102A.pdf"
286,185 East 85th Street,No,42,M080040,M080040,matched,address_exact,high,False,True,no,,"SR16-102A (2017-04-18), https://comptroller.nyc.gov/wp-content/uploads/documents/SR16_102A.pdf"
287,111 East 85th Street,No,42,M080041,M080041,matched,address_exact,high,False,True,no,,"SR16-102A (2017-04-18), https://comptroller.nyc.gov/wp-content/uploads/documents/SR16_102A.pdf"
288,1065 Park Avenue,No,42,M080042,M080042,matched,address_exact,high,False,True,no,,"SR16-102A (2017-04-18), https://comptroller.nyc.gov/wp-content/uploads/documents/SR16_102A.pdf"
289,115 East 87th Street,Yes,42,M080043,M080043,matched,address_exact,high,False,True,yes,,"SR16-102A (2017-04-18), https://comptroller.nyc.gov/wp-content/uploads/documents/SR16_102A.pdf"
290,182 East 95th Street,No,42,M080044,M080044,matched,address_exact,high,False,True,no,,"SR16-102A (2017-04-18), https://comptroller.nyc.gov/wp-content/uploads/documents/SR16_102A.pdf"
291,200 East 82nd Street,No,42,M080046,M080046,matched,address_exact,high,False,True,no,,"SR16-102A (2017-04-18), https://comptroller.nyc.gov/wp-content/uploads/documents/SR16_102A.pdf"
292,250 East 87th Street,Construction,42,M080048,M080048,matched,address_exact,high,False,True,construction,,"SR16-102A (2017-04-18), https://comptroller.nyc.gov/wp-content/uploads/documents/SR16_102A.pdf"
293,201 East 87th Street,No,42,M080049,M080049,matched,address_exact,high,False,True,no,,"SR16-102A (2017-04-18), https://comptroller.nyc.gov/wp-content/uploads/documents/SR16_102A.pdf"
294,200 East 89th Street,Yes,42,M080050,M080050,matched,address_exact,high,False,True,yes,,"SR16-102A (2017-04-18), https://comptroller.nyc.gov/wp-content/uploads/documents/SR16_102A.pdf"
295,200 East 90th Street,No,42,M080051,M080051,matched,address_exact,high,False,True,no,,"SR16-102A (2017-04-18), https://comptroller.nyc.gov/wp-content/uploads/documents/SR16_102A.pdf"
296,301 East 79th Street,No,42,M080053,M080053,matched,address_exact,high,False,True,no,,"SR16-102A (2017-04-18), https://comptroller.nyc.gov/wp-content/uploads/documents/SR16_102A.pdf"
297,345 East 80th Street,No,42,M080054,M080054,matched,address_exact,high,False,True,no,,"SR16-102A (2017-04-18), https://comptroller.nyc.gov/wp-content/uploads/documents/SR16_102A.pdf"
298,303 East 83rd Street,No,42,M080055,M080055,matched,address_exact,high,False,True,no,,"SR16-102A (2017-04-18), https://comptroller.nyc.gov/wp-content/uploads/documents/SR16_102A.pdf"
299,353 East 83rd Street,No,42,M080056,M080056,matched,address_exact,high,False,True,no,,"SR16-102A (2017-04-18), https://comptroller.nyc.gov/wp-content/uploads/documents/SR16_102A.pdf"
300,351 East 84th Street,No,42,M080057,M080057,matched,address_exact,high,False,True,no,,"SR16-102A (2017-04-18), https://comptroller.nyc.gov/wp-content/uploads/documents/SR16_102A.pdf"
301,300 East 85th Street,Construction,42,M080058,M080058,matched,address_exact,high,False,True,construction,,"SR16-102A (2017-04-18), https://comptroller.nyc.gov/wp-content/uploads/documents/SR16_102A.pdf"
302,301 East 87th Street,No,42,M080059,M080059,matched,address_exact,high,False,True,no,,"SR16-102A (2017-04-18), https://comptroller.nyc.gov/wp-content/uploads/documents/SR16_102A.pdf"
303,340 East 93rd Street,Construction,42,M080060,M080060,matched,address_exact,high,False,True,construction,,"SR16-102A (2017-04-18), https://comptroller.nyc.gov/wp-content/uploads/documents/SR16_102A.pdf"
304,345 East 93rd Street,No,42,M080061,M080061,matched,address_exact,high,False,True,no,,"SR16-102A (2017-04-18), https://comptroller.nyc.gov/wp-content/uploads/documents/SR16_102A.pdf"
305,300 East 93rd Street,Yes,42,M080062,M080062,matched,address_exact,high,False,True,yes,,"SR16-102A (2017-04-18), https://comptroller.nyc.gov/wp-content/uploads/documents/SR16_102A.pdf"
306,401 East 80th Street,Construction,42,M080064,M080064,matched,address_exact,high,False,True,construction,,"SR16-102A (2017-04-18), https://comptroller.nyc.gov/wp-content/uploads/documents/SR16_102A.pdf"
307,401 East 84th Street,No,42,M080066,M080066,matched,address_exact,high,False,True,no,,"SR16-102A (2017-04-18), https://comptroller.nyc.gov/wp-content/uploads/documents/SR16_102A.pdf"
308,444 East 86th Street,No,42,M080068,M080068,matched,address_exact,high,False,True,no,,"SR16-102A (2017-04-18), https://comptroller.nyc.gov/wp-content/uploads/documents/SR16_102A.pdf"
309,1675 York Avenue,No,42,M080069,M080069,matched,address_exact,high,False,True,no,,"SR16-102A (2017-04-18), https://comptroller.nyc.gov/wp-content/uploads/documents/SR16_102A.pdf"
310,1725 York Avenue,Construction,42,M080070,M080070,matched,address_exact,high,False,True,construction,,"SR16-102A (2017-04-18), https://comptroller.nyc.gov/wp-content/uploads/documents/SR16_102A.pdf"
311,515 East 79th Street,Construction,43,M080071,M080071,matched,address_exact,high,False,True,construction,,"SR16-102A (2017-04-18), https://comptroller.nyc.gov/wp-content/uploads/documents/SR16_102A.pdf"
312,1520 York Avenue,Construction,43,M080072,M080072,matched,address_exact,high,False,True,construction,,"SR16-102A (2017-04-18), https://comptroller.nyc.gov/wp-content/uploads/documents/SR16_102A.pdf"
313,60 East End Avenue,No,43,M080073,M080073,matched,address_exact,high,False,True,no,,"SR16-102A (2017-04-18), https://comptroller.nyc.gov/wp-content/uploads/documents/SR16_102A.pdf"
314,303 East 60th Street,No,43,M080075,M080075,matched,address_exact,high,False,True,no,,"SR16-102A (2017-04-18), https://comptroller.nyc.gov/wp-content/uploads/documents/SR16_102A.pdf"
315,524 East 72nd Street,Yes,43,M080076,M080076,matched,address_exact,high,False,True,yes,,"SR16-102A (2017-04-18), https://comptroller.nyc.gov/wp-content/uploads/documents/SR16_102A.pdf"
316,455 East 86th Street,No,43,M080078,M080078,matched,address_exact,high,False,True,no,,"SR16-102A (2017-04-18), https://comptroller.nyc.gov/wp-content/uploads/documents/SR16_102A.pdf"
317,525 East 72nd Street,Yes,43,M080080,M080080,matched,address_exact,high,False,True,yes,,"SR16-102A (2017-04-18), https://comptroller.nyc.gov/wp-content/uploads/documents/SR16_102A.pdf"
318,211 East 70th Street,Yes,43,M080082,M080082,matched,address_exact,high,False,True,yes,,"SR16-102A (2017-04-18), https://comptroller.nyc.gov/wp-content/uploads/documents/SR16_102A.pdf"
319,301 East 94th Street,Construction,43,M080085,M080085,matched,address_exact,high,False,True,construction,,"SR16-102A (2017-04-18), https://comptroller.nyc.gov/wp-content/uploads/documents/SR16_102A.pdf"
320,200 East 69th Street,No,43,M080086,M080086,matched,address_exact,high,False,True,no,,"SR16-102A (2017-04-18), https://comptroller.nyc.gov/wp-content/uploads/documents/SR16_102A.pdf"
321,235 East 95th Street,Construction,43,M080089,M080089,matched,address_exact,high,False,True,construction,,"SR16-102A (2017-04-18), https://comptroller.nyc.gov/wp-content/uploads/documents/SR16_102A.pdf"
322,1850 Second Avenue,Construction,43,M080093,M080093,matched,address_exact,high,False,True,construction,,"SR16-102A (2017-04-18), https://comptroller.nyc.gov/wp-content/uploads/documents/SR16_102A.pdf"
323,400 East 84th Street,No,43,M080094,M080094,matched,address_exact,high,False,True,no,,"SR16-102A (2017-04-18), https://comptroller.nyc.gov/wp-content/uploads/documents/SR16_102A.pdf"
324,330 East 75th Street,No,43,M080097,M080097,matched,address_exact,high,False,True,no,,"SR16-102A (2017-04-18), https://comptroller.nyc.gov/wp-content/uploads/documents/SR16_102A.pdf"
325,422 East 72nd Street,No,43,M080098,M080098,matched,address_exact,high,False,True,no,,"SR16-102A (2017-04-18), https://comptroller.nyc.gov/wp-content/uploads/documents/SR16_102A.pdf"
326,750 Lexington Avenue,No,43,M080099,M080099,matched,address_exact,high,False,True,no,,"SR16-102A (2017-04-18), https://comptroller.nyc.gov/wp-content/uploads/documents/SR16_102A.pdf"
327,130 Livingston Street,Construction,43,K020001,K020001,matched,address_exact,high,False,True,construction,,"SR16-102A (2017-04-18), https://comptroller.nyc.gov/wp-content/uploads/documents/SR16_102A.pdf"
328,350 Jay Street,No,43,K020002,K020002,matched,address_exact,high,False,True,no,,"SR16-102A (2017-04-18), https://comptroller.nyc.gov/wp-content/uploads/documents/SR16_102A.pdf"
329,MetroTech Center,No,43,K020003,K020003,matched,street_only,low,True,True,no,,"SR16-102A (2017-04-18), https://comptroller.nyc.gov/wp-content/uploads/documents/SR16_102A.pdf"
330,230 Ashland Place,No,43,K020007,K020007,matched,address_exact,high,False,True,no,,"SR16-102A (2017-04-18), https://comptroller.nyc.gov/wp-content/uploads/documents/SR16_102A.pdf"
331,343 Gold Street,Yes,43,K020008,K020008,matched,address_exact,high,False,True,yes,,"SR16-102A (2017-04-18), https://comptroller.nyc.gov/wp-content/uploads/documents/SR16_102A.pdf"
332,1 Court Square,No,43,Q020001,Q020001,matched,address_exact,high,False,True,no,,"SR16-102A (2017-04-18), https://comptroller.nyc.gov/wp-content/uploads/documents/SR16_102A.pdf"
333,61-01 Junction Boulevard,Yes,43,Q060001,Q060001,matched,address_exact,high,False,True,yes,,"SR16-102A (2017-04-18), https://comptroller.nyc.gov/wp-content/uploads/documents/SR16_102A.pdf"
